Customer ID,Event,Journey Date,Country,Device Type,Customer Segment,Acquisition Channel,Churn Risk Category,Revenue,D1 Retained,D7 Retained,Funnel Stage,Funnel Stage Order
5696,page_view,2024-01-22,UK,Mobile,Medium,Organic,High,0,1,1,Awareness,1
5696,product_view,2024-01-21,UK,Mobile,Medium,Organic,High,0,1,1,Consideration,2
5696,add_to_cart,2024-01-06,UK,Mobile,Medium,Organic,High,0,1,1,Intent,3
5696,checkout_start,2024-01-01,UK,Mobile,Medium,Organic,High,0,1,1,Checkout,4
5696,checkout_complete,2024-02-10,UK,Mobile,Medium,Organic,High,44,1,1,Purchase,5
5667,page_view,2024-02-26,US,Mobile,Medium,Referral,Medium,0,1,0,Awareness,1
5667,product_view,2024-01-22,US,Mobile,Medium,Referral,Medium,0,1,0,Consideration,2
5667,add_to_cart,2024-02-16,US,Mobile,Medium,Referral,Medium,0,1,0,Intent,3
5667,checkout_start,2024-02-25,US,Mobile,Medium,Referral,Medium,0,1,0,Checkout,4
5667,checkout_complete,2024-02-12,US,Mobile,Medium,Referral,Medium,133,1,0,Purchase,5
5063,page_view,2024-02-16,UK,Desktop,Low,Organic,Low,0,1,0,Awareness,1
5063,product_view,2024-02-25,UK,Desktop,Low,Organic,Low,0,1,0,Consideration,2
5063,add_to_cart,2024-01-22,UK,Desktop,Low,Organic,Low,0,1,0,Intent,3
5063,checkout_start,2024-01-14,UK,Desktop,Low,Organic,Low,0,1,0,Checkout,4
5063,checkout_complete,2024-01-23,UK,Desktop,Low,Organic,Low,47,1,0,Purchase,5
5533,page_view,2024-02-15,UK,Mobile,Medium,Paid,Low,0,1,0,Awareness,1
5533,product_view,2024-02-12,UK,Mobile,Medium,Paid,Low,0,1,0,Consideration,2
5533,add_to_cart,2024-02-16,UK,Mobile,Medium,Paid,Low,0,1,0,Intent,3
5533,checkout_start,2024-02-29,UK,Mobile,Medium,Paid,Low,0,1,0,Checkout,4
5533,checkout_complete,2024-01-18,UK,Mobile,Medium,Paid,Low,148,1,0,Purchase,5
5066,page_view,2024-01-17,CA,Mobile,Medium,Paid,Medium,0,1,1,Awareness,1
5066,product_view,2024-02-08,CA,Mobile,Medium,Paid,Medium,0,1,1,Consideration,2
5066,add_to_cart,2024-01-22,CA,Mobile,Medium,Paid,Medium,0,1,1,Intent,3
5066,checkout_start,2024-01-26,CA,Mobile,Medium,Paid,Medium,0,1,1,Checkout,4
5066,checkout_complete,2024-01-25,CA,Mobile,Medium,Paid,Medium,83,1,1,Purchase,5
5621,page_view,2024-01-22,AU,Mobile,Low,Paid,Medium,0,1,1,Awareness,1
5621,product_view,2024-02-03,AU,Mobile,Low,Paid,Medium,0,1,1,Consideration,2
5621,add_to_cart,2024-02-16,AU,Mobile,Low,Paid,Medium,0,1,1,Intent,3
5621,checkout_start,2024-01-08,AU,Mobile,Low,Paid,Medium,0,1,1,Checkout,4
5621,checkout_complete,2024-02-18,AU,Mobile,Low,Paid,Medium,59,1,1,Purchase,5
5346,page_view,2024-02-14,US,Mobile,Medium,Organic,Medium,0,1,1,Awareness,1
5346,product_view,2024-01-06,US,Mobile,Medium,Organic,Medium,0,1,1,Consideration,2
5346,add_to_cart,2024-02-06,US,Mobile,Medium,Organic,Medium,0,1,1,Intent,3
5346,checkout_start,2024-02-26,US,Mobile,Medium,Organic,Medium,0,1,1,Checkout,4
5346,checkout_complete,2024-02-22,US,Mobile,Medium,Organic,Medium,72,1,1,Purchase,5
5490,page_view,2024-01-24,CA,Mobile,High,Organic,High,0,1,0,Awareness,1
5490,product_view,2024-02-24,CA,Mobile,High,Organic,High,0,1,0,Consideration,2
5490,add_to_cart,2024-01-09,CA,Mobile,High,Organic,High,0,1,0,Intent,3
5490,checkout_start,2024-02-24,CA,Mobile,High,Organic,High,0,1,0,Checkout,4
5490,checkout_complete,2024-02-20,CA,Mobile,High,Organic,High,210,1,0,Purchase,5
5760,page_view,2024-01-06,AU,Mobile,High,Paid,Low,0,0,0,Awareness,1
5760,product_view,2024-02-23,AU,Mobile,High,Paid,Low,0,0,0,Consideration,2
5760,add_to_cart,2024-02-18,AU,Mobile,High,Paid,Low,0,0,0,Intent,3
5760,checkout_start,2024-01-30,AU,Mobile,High,Paid,Low,0,0,0,Checkout,4
5760,checkout_complete,2024-02-26,AU,Mobile,High,Paid,Low,141,0,0,Purchase,5
5456,page_view,2024-01-19,UK,Mobile,Low,Paid,High,0,1,1,Awareness,1
5456,product_view,2024-01-20,UK,Mobile,Low,Paid,High,0,1,1,Consideration,2
5456,add_to_cart,2024-02-02,UK,Mobile,Low,Paid,High,0,1,1,Intent,3
5456,checkout_start,2024-01-20,UK,Mobile,Low,Paid,High,0,1,1,Checkout,4
5456,checkout_complete,2024-02-16,UK,Mobile,Low,Paid,High,31,1,1,Purchase,5
5065,page_view,2024-02-02,UK,Mobile,Low,Paid,Low,0,1,1,Awareness,1
5065,product_view,2024-01-06,UK,Mobile,Low,Paid,Low,0,1,1,Consideration,2
5065,add_to_cart,2024-02-19,UK,Mobile,Low,Paid,Low,0,1,1,Intent,3
5065,checkout_start,2024-02-25,UK,Mobile,Low,Paid,Low,0,1,1,Checkout,4
5065,checkout_complete,2024-01-05,UK,Mobile,Low,Paid,Low,29,1,1,Purchase,5
5286,page_view,2024-01-09,US,Desktop,High,Referral,Low,0,1,1,Awareness,1
5286,product_view,2024-01-11,US,Desktop,High,Referral,Low,0,1,1,Consideration,2
5286,add_to_cart,2024-01-15,US,Desktop,High,Referral,Low,0,1,1,Intent,3
5286,checkout_start,2024-01-24,US,Desktop,High,Referral,Low,0,1,1,Checkout,4
5286,checkout_complete,2024-02-24,US,Desktop,High,Referral,Low,117,1,1,Purchase,5
5635,page_view,2024-01-09,US,Desktop,Low,Organic,High,0,1,0,Awareness,1
5635,product_view,2024-02-03,US,Desktop,Low,Organic,High,0,1,0,Consideration,2
5635,add_to_cart,2024-01-12,US,Desktop,Low,Organic,High,0,1,0,Intent,3
5635,checkout_start,2024-02-04,US,Desktop,Low,Organic,High,0,1,0,Checkout,4
5635,checkout_complete,2024-01-01,US,Desktop,Low,Organic,High,54,1,0,Purchase,5
5067,page_view,2024-02-04,AU,Desktop,Low,Paid,High,0,1,0,Awareness,1
5067,product_view,2024-01-21,AU,Desktop,Low,Paid,High,0,1,0,Consideration,2
5067,add_to_cart,2024-02-06,AU,Desktop,Low,Paid,High,0,1,0,Intent,3
5067,checkout_start,2024-01-05,AU,Desktop,Low,Paid,High,0,1,0,Checkout,4
5067,checkout_complete,2024-01-26,AU,Desktop,Low,Paid,High,97,1,0,Purchase,5
5327,page_view,2024-02-20,UK,Mobile,Low,Organic,High,0,1,1,Awareness,1
5327,product_view,2024-02-07,UK,Mobile,Low,Organic,High,0,1,1,Consideration,2
5327,add_to_cart,2024-02-02,UK,Mobile,Low,Organic,High,0,1,1,Intent,3
5327,checkout_start,2024-01-23,UK,Mobile,Low,Organic,High,0,1,1,Checkout,4
5327,checkout_complete,2024-01-15,UK,Mobile,Low,Organic,High,82,1,1,Purchase,5
5395,page_view,2024-02-20,CA,Mobile,Medium,Organic,Medium,0,0,1,Awareness,1
5395,product_view,2024-01-06,CA,Mobile,Medium,Organic,Medium,0,0,1,Consideration,2
5395,add_to_cart,2024-01-06,CA,Mobile,Medium,Organic,Medium,0,0,1,Intent,3
5395,checkout_start,2024-01-03,CA,Mobile,Medium,Organic,Medium,0,0,1,Checkout,4
5395,checkout_complete,2024-02-20,CA,Mobile,Medium,Organic,Medium,46,0,1,Purchase,5
5244,page_view,2024-01-29,CA,Desktop,Medium,Organic,Medium,0,1,1,Awareness,1
5244,product_view,2024-02-07,CA,Desktop,Medium,Organic,Medium,0,1,1,Consideration,2
5244,add_to_cart,2024-02-26,CA,Desktop,Medium,Organic,Medium,0,1,1,Intent,3
5244,checkout_start,2024-02-02,CA,Desktop,Medium,Organic,Medium,0,1,1,Checkout,4
5244,checkout_complete,2024-01-27,CA,Desktop,Medium,Organic,Medium,140,1,1,Purchase,5
5377,page_view,2024-01-13,UK,Desktop,Low,Organic,Medium,0,1,1,Awareness,1
5377,product_view,2024-01-31,UK,Desktop,Low,Organic,Medium,0,1,1,Consideration,2
5377,add_to_cart,2024-02-16,UK,Desktop,Low,Organic,Medium,0,1,1,Intent,3
5377,checkout_start,2024-02-05,UK,Desktop,Low,Organic,Medium,0,1,1,Checkout,4
5377,checkout_complete,2024-02-25,UK,Desktop,Low,Organic,Medium,71,1,1,Purchase,5
5610,page_view,2024-02-20,US,Mobile,Medium,Paid,Medium,0,1,1,Awareness,1
5610,product_view,2024-02-05,US,Mobile,Medium,Paid,Medium,0,1,1,Consideration,2
5610,add_to_cart,2024-02-05,US,Mobile,Medium,Paid,Medium,0,1,1,Intent,3
5610,checkout_start,2024-01-26,US,Mobile,Medium,Paid,Medium,0,1,1,Checkout,4
5610,checkout_complete,2024-01-27,US,Mobile,Medium,Paid,Medium,82,1,1,Purchase,5
5526,page_view,2024-02-12,UK,Mobile,Medium,Organic,Low,0,1,1,Awareness,1
5526,product_view,2024-01-12,UK,Mobile,Medium,Organic,Low,0,1,1,Consideration,2
5526,add_to_cart,2024-01-26,UK,Mobile,Medium,Organic,Low,0,1,1,Intent,3
5526,checkout_start,2024-01-13,UK,Mobile,Medium,Organic,Low,0,1,1,Checkout,4
5526,checkout_complete,2024-01-18,UK,Mobile,Medium,Organic,Low,143,1,1,Purchase,5
5658,page_view,2024-02-06,AU,Mobile,Medium,Organic,Low,0,0,0,Awareness,1
5658,product_view,2024-01-08,AU,Mobile,Medium,Organic,Low,0,0,0,Consideration,2
5658,add_to_cart,2024-02-11,AU,Mobile,Medium,Organic,Low,0,0,0,Intent,3
5658,checkout_start,2024-02-18,AU,Mobile,Medium,Organic,Low,0,0,0,Checkout,4
5658,checkout_complete,2024-01-31,AU,Mobile,Medium,Organic,Low,131,0,0,Purchase,5
5529,page_view,2024-02-06,US,Mobile,Medium,Paid,High,0,0,1,Awareness,1
5529,product_view,2024-01-21,US,Mobile,Medium,Paid,High,0,0,1,Consideration,2
5529,add_to_cart,2024-01-26,US,Mobile,Medium,Paid,High,0,0,1,Intent,3
5529,checkout_start,2024-02-15,US,Mobile,Medium,Paid,High,0,0,1,Checkout,4
5529,checkout_complete,2024-02-23,US,Mobile,Medium,Paid,High,75,0,1,Purchase,5
5622,page_view,2024-01-09,UK,Mobile,Low,Organic,Medium,0,1,1,Awareness,1
5622,product_view,2024-01-10,UK,Mobile,Low,Organic,Medium,0,1,1,Consideration,2
5622,add_to_cart,2024-02-21,UK,Mobile,Low,Organic,Medium,0,1,1,Intent,3
5622,checkout_start,2024-02-26,UK,Mobile,Low,Organic,Medium,0,1,1,Checkout,4
5622,checkout_complete,2024-02-10,UK,Mobile,Low,Organic,Medium,45,1,1,Purchase,5
5721,page_view,2024-01-17,UK,Tablet,High,Paid,Low,0,1,0,Awareness,1
5721,product_view,2024-02-12,UK,Tablet,High,Paid,Low,0,1,0,Consideration,2
5721,add_to_cart,2024-02-28,UK,Tablet,High,Paid,Low,0,1,0,Intent,3
5721,checkout_start,2024-02-13,UK,Tablet,High,Paid,Low,0,1,0,Checkout,4
5721,checkout_complete,2024-01-25,UK,Tablet,High,Paid,Low,231,1,0,Purchase,5
5360,page_view,2024-02-19,AU,Mobile,Medium,Paid,High,0,1,1,Awareness,1
5360,product_view,2024-01-21,AU,Mobile,Medium,Paid,High,0,1,1,Consideration,2
5360,add_to_cart,2024-02-18,AU,Mobile,Medium,Paid,High,0,1,1,Intent,3
5360,checkout_start,2024-01-07,AU,Mobile,Medium,Paid,High,0,1,1,Checkout,4
5360,checkout_complete,2024-01-20,AU,Mobile,Medium,Paid,High,120,1,1,Purchase,5
5030,page_view,2024-01-13,UK,Mobile,Medium,Paid,High,0,1,1,Awareness,1
5030,product_view,2024-01-30,UK,Mobile,Medium,Paid,High,0,1,1,Consideration,2
5030,add_to_cart,2024-01-23,UK,Mobile,Medium,Paid,High,0,1,1,Intent,3
5030,checkout_start,2024-02-20,UK,Mobile,Medium,Paid,High,0,1,1,Checkout,4
5030,checkout_complete,2024-01-19,UK,Mobile,Medium,Paid,High,95,1,1,Purchase,5
5260,page_view,2024-01-14,US,Mobile,Medium,Paid,Medium,0,1,1,Awareness,1
5260,product_view,2024-02-20,US,Mobile,Medium,Paid,Medium,0,1,1,Consideration,2
5260,add_to_cart,2024-02-16,US,Mobile,Medium,Paid,Medium,0,1,1,Intent,3
5260,checkout_start,2024-02-19,US,Mobile,Medium,Paid,Medium,0,1,1,Checkout,4
5260,checkout_complete,2024-02-23,US,Mobile,Medium,Paid,Medium,105,1,1,Purchase,5
5637,page_view,2024-01-03,UK,Desktop,Medium,Paid,Low,0,1,1,Awareness,1
5637,product_view,2024-02-01,UK,Desktop,Medium,Paid,Low,0,1,1,Consideration,2
5637,add_to_cart,2024-01-10,UK,Desktop,Medium,Paid,Low,0,1,1,Intent,3
5637,checkout_start,2024-01-10,UK,Desktop,Medium,Paid,Low,0,1,1,Checkout,4
5637,checkout_complete,2024-02-15,UK,Desktop,Medium,Paid,Low,122,1,1,Purchase,5
5746,page_view,2024-02-24,CA,Mobile,Medium,Referral,Medium,0,1,1,Awareness,1
5746,product_view,2024-01-03,CA,Mobile,Medium,Referral,Medium,0,1,1,Consideration,2
5746,add_to_cart,2024-01-24,CA,Mobile,Medium,Referral,Medium,0,1,1,Intent,3
5746,checkout_start,2024-01-23,CA,Mobile,Medium,Referral,Medium,0,1,1,Checkout,4
5746,checkout_complete,2024-01-08,CA,Mobile,Medium,Referral,Medium,98,1,1,Purchase,5
5570,page_view,2024-01-24,CA,Desktop,High,Paid,Medium,0,1,0,Awareness,1
5570,product_view,2024-01-14,CA,Desktop,High,Paid,Medium,0,1,0,Consideration,2
5570,add_to_cart,2024-02-01,CA,Desktop,High,Paid,Medium,0,1,0,Intent,3
5570,checkout_start,2024-02-25,CA,Desktop,High,Paid,Medium,0,1,0,Checkout,4
5570,checkout_complete,2024-02-12,CA,Desktop,High,Paid,Medium,125,1,0,Purchase,5
5215,page_view,2024-01-07,UK,Mobile,Low,Referral,Low,0,0,1,Awareness,1
5215,product_view,2024-02-02,UK,Mobile,Low,Referral,Low,0,0,1,Consideration,2
5215,add_to_cart,2024-01-23,UK,Mobile,Low,Referral,Low,0,0,1,Intent,3
5215,checkout_start,2024-01-21,UK,Mobile,Low,Referral,Low,0,0,1,Checkout,4
5215,checkout_complete,2024-02-17,UK,Mobile,Low,Referral,Low,38,0,1,Purchase,5
5078,page_view,2024-01-02,AU,Desktop,High,Paid,High,0,1,1,Awareness,1
5078,product_view,2024-01-03,AU,Desktop,High,Paid,High,0,1,1,Consideration,2
5078,add_to_cart,2024-01-23,AU,Desktop,High,Paid,High,0,1,1,Intent,3
5078,checkout_start,2024-02-24,AU,Desktop,High,Paid,High,0,1,1,Checkout,4
5078,checkout_complete,2024-01-20,AU,Desktop,High,Paid,High,219,1,1,Purchase,5
5578,page_view,2024-02-13,UK,Mobile,Medium,Paid,High,0,1,0,Awareness,1
5578,product_view,2024-01-24,UK,Mobile,Medium,Paid,High,0,1,0,Consideration,2
5578,add_to_cart,2024-01-17,UK,Mobile,Medium,Paid,High,0,1,0,Intent,3
5578,checkout_start,2024-01-10,UK,Mobile,Medium,Paid,High,0,1,0,Checkout,4
5578,checkout_complete,2024-02-25,UK,Mobile,Medium,Paid,High,69,1,0,Purchase,5
5383,page_view,2024-02-14,AU,Mobile,Low,Paid,Low,0,1,1,Awareness,1
5383,product_view,2024-01-25,AU,Mobile,Low,Paid,Low,0,1,1,Consideration,2
5383,add_to_cart,2024-02-08,AU,Mobile,Low,Paid,Low,0,1,1,Intent,3
5383,checkout_start,2024-01-09,AU,Mobile,Low,Paid,Low,0,1,1,Checkout,4
5383,checkout_complete,2024-02-12,AU,Mobile,Low,Paid,Low,41,1,1,Purchase,5
5039,page_view,2024-01-21,US,Mobile,Medium,Organic,Low,0,1,0,Awareness,1
5039,product_view,2024-02-11,US,Mobile,Medium,Organic,Low,0,1,0,Consideration,2
5039,add_to_cart,2024-02-05,US,Mobile,Medium,Organic,Low,0,1,0,Intent,3
5039,checkout_start,2024-02-10,US,Mobile,Medium,Organic,Low,0,1,0,Checkout,4
5039,checkout_complete,2024-02-03,US,Mobile,Medium,Organic,Low,77,1,0,Purchase,5
5023,page_view,2024-01-31,UK,Desktop,Medium,Paid,Low,0,1,1,Awareness,1
5023,product_view,2024-01-06,UK,Desktop,Medium,Paid,Low,0,1,1,Consideration,2
5023,add_to_cart,2024-01-27,UK,Desktop,Medium,Paid,Low,0,1,1,Intent,3
5023,checkout_start,2024-02-09,UK,Desktop,Medium,Paid,Low,0,1,1,Checkout,4
5023,checkout_complete,2024-01-12,UK,Desktop,Medium,Paid,Low,137,1,1,Purchase,5
5692,page_view,2024-01-02,UK,Tablet,Medium,Paid,Medium,0,1,1,Awareness,1
5692,product_view,2024-02-29,UK,Tablet,Medium,Paid,Medium,0,1,1,Consideration,2
5692,add_to_cart,2024-02-23,UK,Tablet,Medium,Paid,Medium,0,1,1,Intent,3
5692,checkout_start,2024-02-12,UK,Tablet,Medium,Paid,Medium,0,1,1,Checkout,4
5692,checkout_complete,2024-02-20,UK,Tablet,Medium,Paid,Medium,104,1,1,Purchase,5
5398,page_view,2024-02-08,US,Mobile,High,Paid,Low,0,1,0,Awareness,1
5398,product_view,2024-02-09,US,Mobile,High,Paid,Low,0,1,0,Consideration,2
5398,add_to_cart,2024-02-04,US,Mobile,High,Paid,Low,0,1,0,Intent,3
5398,checkout_start,2024-02-23,US,Mobile,High,Paid,Low,0,1,0,Checkout,4
5398,checkout_complete,2024-02-24,US,Mobile,High,Paid,Low,177,1,0,Purchase,5
5796,page_view,2024-02-21,US,Mobile,Medium,Referral,Low,0,1,1,Awareness,1
5796,product_view,2024-02-12,US,Mobile,Medium,Referral,Low,0,1,1,Consideration,2
5796,add_to_cart,2024-01-17,US,Mobile,Medium,Referral,Low,0,1,1,Intent,3
5796,checkout_start,2024-02-28,US,Mobile,Medium,Referral,Low,0,1,1,Checkout,4
5796,checkout_complete,2024-02-12,US,Mobile,Medium,Referral,Low,148,1,1,Purchase,5
5741,page_view,2024-02-09,US,Mobile,Medium,Paid,Low,0,1,0,Awareness,1
5741,product_view,2024-02-11,US,Mobile,Medium,Paid,Low,0,1,0,Consideration,2
5741,add_to_cart,2024-01-25,US,Mobile,Medium,Paid,Low,0,1,0,Intent,3
5741,checkout_start,2024-02-08,US,Mobile,Medium,Paid,Low,0,1,0,Checkout,4
5741,checkout_complete,2024-01-03,US,Mobile,Medium,Paid,Low,74,1,0,Purchase,5
5139,page_view,2024-02-28,CA,Mobile,High,Organic,Medium,0,1,1,Awareness,1
5139,product_view,2024-02-18,CA,Mobile,High,Organic,Medium,0,1,1,Consideration,2
5139,add_to_cart,2024-01-17,CA,Mobile,High,Organic,Medium,0,1,1,Intent,3
5139,checkout_start,2024-01-10,CA,Mobile,High,Organic,Medium,0,1,1,Checkout,4
5139,checkout_complete,2024-02-24,CA,Mobile,High,Organic,Medium,136,1,1,Purchase,5
5250,page_view,2024-02-23,AU,Desktop,Medium,Organic,Medium,0,1,0,Awareness,1
5250,product_view,2024-01-16,AU,Desktop,Medium,Organic,Medium,0,1,0,Consideration,2
5250,add_to_cart,2024-01-06,AU,Desktop,Medium,Organic,Medium,0,1,0,Intent,3
5250,checkout_start,2024-01-08,AU,Desktop,Medium,Organic,Medium,0,1,0,Checkout,4
5250,checkout_complete,2024-01-18,AU,Desktop,Medium,Organic,Medium,64,1,0,Purchase,5
5174,page_view,2024-01-17,UK,Mobile,Medium,Organic,Medium,0,1,1,Awareness,1
5174,product_view,2024-01-23,UK,Mobile,Medium,Organic,Medium,0,1,1,Consideration,2
5174,add_to_cart,2024-01-26,UK,Mobile,Medium,Organic,Medium,0,1,1,Intent,3
5174,checkout_start,2024-01-21,UK,Mobile,Medium,Organic,Medium,0,1,1,Checkout,4
5174,checkout_complete,2024-02-27,UK,Mobile,Medium,Organic,Medium,125,1,1,Purchase,5
5323,page_view,2024-01-18,CA,Mobile,Medium,Organic,High,0,0,0,Awareness,1
5323,product_view,2024-01-31,CA,Mobile,Medium,Organic,High,0,0,0,Consideration,2
5323,add_to_cart,2024-01-30,CA,Mobile,Medium,Organic,High,0,0,0,Intent,3
5323,checkout_start,2024-02-21,CA,Mobile,Medium,Organic,High,0,0,0,Checkout,4
5323,checkout_complete,2024-02-04,CA,Mobile,Medium,Organic,High,78,0,0,Purchase,5
5595,page_view,2024-01-03,US,Desktop,Medium,Referral,Low,0,1,1,Awareness,1
5595,product_view,2024-02-06,US,Desktop,Medium,Referral,Low,0,1,1,Consideration,2
5595,add_to_cart,2024-02-12,US,Desktop,Medium,Referral,Low,0,1,1,Intent,3
5595,checkout_start,2024-02-09,US,Desktop,Medium,Referral,Low,0,1,1,Checkout,4
5595,checkout_complete,2024-02-24,US,Desktop,Medium,Referral,Low,129,1,1,Purchase,5
5525,page_view,2024-01-16,AU,Mobile,Medium,Paid,High,0,1,1,Awareness,1
5525,product_view,2024-02-14,AU,Mobile,Medium,Paid,High,0,1,1,Consideration,2
5525,add_to_cart,2024-02-11,AU,Mobile,Medium,Paid,High,0,1,1,Intent,3
5525,checkout_start,2024-02-13,AU,Mobile,Medium,Paid,High,0,1,1,Checkout,4
5525,checkout_complete,2024-02-24,AU,Mobile,Medium,Paid,High,105,1,1,Purchase,5
5423,page_view,2024-02-08,CA,Desktop,Medium,Referral,Medium,0,0,0,Awareness,1
5423,product_view,2024-02-15,CA,Desktop,Medium,Referral,Medium,0,0,0,Consideration,2
5423,add_to_cart,2024-02-21,CA,Desktop,Medium,Referral,Medium,0,0,0,Intent,3
5423,checkout_start,2024-01-29,CA,Desktop,Medium,Referral,Medium,0,0,0,Checkout,4
5423,checkout_complete,2024-02-18,CA,Desktop,Medium,Referral,Medium,101,0,0,Purchase,5
5596,page_view,2024-02-08,US,Mobile,Medium,Paid,Low,0,1,1,Awareness,1
5596,product_view,2024-01-20,US,Mobile,Medium,Paid,Low,0,1,1,Consideration,2
5596,add_to_cart,2024-01-05,US,Mobile,Medium,Paid,Low,0,1,1,Intent,3
5596,checkout_start,2024-01-01,US,Mobile,Medium,Paid,Low,0,1,1,Checkout,4
5596,checkout_complete,2024-02-18,US,Mobile,Medium,Paid,Low,133,1,1,Purchase,5
5604,page_view,2024-02-22,UK,Desktop,High,Organic,Medium,0,1,1,Awareness,1
5604,product_view,2024-02-15,UK,Desktop,High,Organic,Medium,0,1,1,Consideration,2
5604,add_to_cart,2024-01-15,UK,Desktop,High,Organic,Medium,0,1,1,Intent,3
5604,checkout_start,2024-01-09,UK,Desktop,High,Organic,Medium,0,1,1,Checkout,4
5604,checkout_complete,2024-02-18,UK,Desktop,High,Organic,Medium,222,1,1,Purchase,5
5534,page_view,2024-02-25,CA,Tablet,Medium,Organic,High,0,1,1,Awareness,1
5534,product_view,2024-02-15,CA,Tablet,Medium,Organic,High,0,1,1,Consideration,2
5534,add_to_cart,2024-01-24,CA,Tablet,Medium,Organic,High,0,1,1,Intent,3
5534,checkout_start,2024-01-11,CA,Tablet,Medium,Organic,High,0,1,1,Checkout,4
5534,checkout_complete,2024-01-13,CA,Tablet,Medium,Organic,High,101,1,1,Purchase,5
5265,page_view,2024-02-14,AU,Mobile,Low,Paid,High,0,1,1,Awareness,1
5265,product_view,2024-02-15,AU,Mobile,Low,Paid,High,0,1,1,Consideration,2
5265,add_to_cart,2024-01-10,AU,Mobile,Low,Paid,High,0,1,1,Intent,3
5265,checkout_start,2024-02-12,AU,Mobile,Low,Paid,High,0,1,1,Checkout,4
5265,checkout_complete,2024-01-26,AU,Mobile,Low,Paid,High,76,1,1,Purchase,5
5109,page_view,2024-02-04,AU,Mobile,High,Referral,Low,0,0,0,Awareness,1
5109,product_view,2024-01-20,AU,Mobile,High,Referral,Low,0,0,0,Consideration,2
5109,add_to_cart,2024-02-27,AU,Mobile,High,Referral,Low,0,0,0,Intent,3
5109,checkout_start,2024-02-18,AU,Mobile,High,Referral,Low,0,0,0,Checkout,4
5109,checkout_complete,2024-02-28,AU,Mobile,High,Referral,Low,140,0,0,Purchase,5
5666,page_view,2024-02-16,UK,Tablet,Medium,Paid,High,0,1,1,Awareness,1
5666,product_view,2024-01-25,UK,Tablet,Medium,Paid,High,0,1,1,Consideration,2
5666,add_to_cart,2024-01-09,UK,Tablet,Medium,Paid,High,0,1,1,Intent,3
5666,checkout_start,2024-01-04,UK,Tablet,Medium,Paid,High,0,1,1,Checkout,4
5666,checkout_complete,2024-02-06,UK,Tablet,Medium,Paid,High,53,1,1,Purchase,5
5294,page_view,2024-02-11,CA,Mobile,High,Referral,Medium,0,1,0,Awareness,1
5294,product_view,2024-01-09,CA,Mobile,High,Referral,Medium,0,1,0,Consideration,2
5294,add_to_cart,2024-01-15,CA,Mobile,High,Referral,Medium,0,1,0,Intent,3
5294,checkout_start,2024-02-09,CA,Mobile,High,Referral,Medium,0,1,0,Checkout,4
5294,checkout_complete,2024-01-05,CA,Mobile,High,Referral,Medium,104,1,0,Purchase,5
5336,page_view,2024-01-06,AU,Mobile,Low,Organic,Low,0,1,1,Awareness,1
5336,product_view,2024-02-06,AU,Mobile,Low,Organic,Low,0,1,1,Consideration,2
5336,add_to_cart,2024-02-29,AU,Mobile,Low,Organic,Low,0,1,1,Intent,3
5336,checkout_start,2024-02-17,AU,Mobile,Low,Organic,Low,0,1,1,Checkout,4
5336,checkout_complete,2024-01-28,AU,Mobile,Low,Organic,Low,96,1,1,Purchase,5
5368,page_view,2024-02-09,AU,Desktop,High,Referral,Medium,0,0,1,Awareness,1
5368,product_view,2024-02-03,AU,Desktop,High,Referral,Medium,0,0,1,Consideration,2
5368,add_to_cart,2024-02-09,AU,Desktop,High,Referral,Medium,0,0,1,Intent,3
5368,checkout_start,2024-01-27,AU,Desktop,High,Referral,Medium,0,0,1,Checkout,4
5368,checkout_complete,2024-01-06,AU,Desktop,High,Referral,Medium,112,0,1,Purchase,5
5446,page_view,2024-01-25,AU,Desktop,Medium,Referral,High,0,1,0,Awareness,1
5446,product_view,2024-02-22,AU,Desktop,Medium,Referral,High,0,1,0,Consideration,2
5446,add_to_cart,2024-02-11,AU,Desktop,Medium,Referral,High,0,1,0,Intent,3
5446,checkout_start,2024-02-05,AU,Desktop,Medium,Referral,High,0,1,0,Checkout,4
5446,checkout_complete,2024-01-27,AU,Desktop,Medium,Referral,High,102,1,0,Purchase,5
5333,page_view,2024-02-01,CA,Tablet,Low,Organic,Medium,0,0,1,Awareness,1
5333,product_view,2024-02-12,CA,Tablet,Low,Organic,Medium,0,0,1,Consideration,2
5333,add_to_cart,2024-02-22,CA,Tablet,Low,Organic,Medium,0,0,1,Intent,3
5333,checkout_start,2024-01-30,CA,Tablet,Low,Organic,Medium,0,0,1,Checkout,4
5333,checkout_complete,2024-01-31,CA,Tablet,Low,Organic,Medium,58,0,1,Purchase,5
5198,page_view,2024-02-18,US,Mobile,High,Paid,Low,0,1,1,Awareness,1
5198,product_view,2024-02-10,US,Mobile,High,Paid,Low,0,1,1,Consideration,2
5198,add_to_cart,2024-01-17,US,Mobile,High,Paid,Low,0,1,1,Intent,3
5198,checkout_start,2024-02-09,US,Mobile,High,Paid,Low,0,1,1,Checkout,4
5198,checkout_complete,2024-02-29,US,Mobile,High,Paid,Low,177,1,1,Purchase,5
5168,page_view,2024-01-28,AU,Mobile,High,Referral,High,0,1,0,Awareness,1
5168,product_view,2024-02-29,AU,Mobile,High,Referral,High,0,1,0,Consideration,2
5168,add_to_cart,2024-01-15,AU,Mobile,High,Referral,High,0,1,0,Intent,3
5168,checkout_start,2024-01-30,AU,Mobile,High,Referral,High,0,1,0,Checkout,4
5168,checkout_complete,2024-01-29,AU,Mobile,High,Referral,High,116,1,0,Purchase,5
5481,page_view,2024-01-10,AU,Mobile,Low,Organic,Low,0,1,1,Awareness,1
5481,product_view,2024-02-23,AU,Mobile,Low,Organic,Low,0,1,1,Consideration,2
5481,add_to_cart,2024-01-01,AU,Mobile,Low,Organic,Low,0,1,1,Intent,3
5481,checkout_start,2024-01-22,AU,Mobile,Low,Organic,Low,0,1,1,Checkout,4
5481,checkout_complete,2024-01-14,AU,Mobile,Low,Organic,Low,69,1,1,Purchase,5
5723,page_view,2024-02-02,AU,Desktop,Low,Referral,Medium,0,1,1,Awareness,1
5723,product_view,2024-01-06,AU,Desktop,Low,Referral,Medium,0,1,1,Consideration,2
5723,add_to_cart,2024-02-16,AU,Desktop,Low,Referral,Medium,0,1,1,Intent,3
5723,checkout_start,2024-01-15,AU,Desktop,Low,Referral,Medium,0,1,1,Checkout,4
5723,checkout_complete,2024-02-20,AU,Desktop,Low,Referral,Medium,51,1,1,Purchase,5
5655,page_view,2024-02-08,UK,Mobile,High,Organic,High,0,1,1,Awareness,1
5655,product_view,2024-01-15,UK,Mobile,High,Organic,High,0,1,1,Consideration,2
5655,add_to_cart,2024-02-24,UK,Mobile,High,Organic,High,0,1,1,Intent,3
5655,checkout_start,2024-01-29,UK,Mobile,High,Organic,High,0,1,1,Checkout,4
5655,checkout_complete,2024-01-11,UK,Mobile,High,Organic,High,236,1,1,Purchase,5
5306,page_view,2024-02-25,UK,Mobile,High,Organic,Low,0,0,0,Awareness,1
5306,product_view,2024-01-28,UK,Mobile,High,Organic,Low,0,0,0,Consideration,2
5306,add_to_cart,2024-01-29,UK,Mobile,High,Organic,Low,0,0,0,Intent,3
5306,checkout_start,2024-01-21,UK,Mobile,High,Organic,Low,0,0,0,Checkout,4
5306,checkout_complete,2024-01-16,UK,Mobile,High,Organic,Low,126,0,0,Purchase,5
5231,page_view,2024-01-15,CA,Mobile,Low,Referral,High,0,1,0,Awareness,1
5231,product_view,2024-02-03,CA,Mobile,Low,Referral,High,0,1,0,Consideration,2
5231,add_to_cart,2024-02-04,CA,Mobile,Low,Referral,High,0,1,0,Intent,3
5231,checkout_start,2024-02-18,CA,Mobile,Low,Referral,High,0,1,0,Checkout,4
5231,checkout_complete,2024-01-24,CA,Mobile,Low,Referral,High,44,1,0,Purchase,5
5422,page_view,2024-01-08,AU,Mobile,Medium,Referral,Low,0,1,1,Awareness,1
5422,product_view,2024-01-15,AU,Mobile,Medium,Referral,Low,0,1,1,Consideration,2
5422,add_to_cart,2024-01-27,AU,Mobile,Medium,Referral,Low,0,1,1,Intent,3
5422,checkout_start,2024-02-15,AU,Mobile,Medium,Referral,Low,0,1,1,Checkout,4
5422,checkout_complete,2024-02-21,AU,Mobile,Medium,Referral,Low,89,1,1,Purchase,5
5049,page_view,2024-01-25,AU,Mobile,High,Paid,High,0,1,0,Awareness,1
5049,product_view,2024-01-30,AU,Mobile,High,Paid,High,0,1,0,Consideration,2
5049,add_to_cart,2024-01-14,AU,Mobile,High,Paid,High,0,1,0,Intent,3
5049,checkout_start,2024-01-07,AU,Mobile,High,Paid,High,0,1,0,Checkout,4
5049,checkout_complete,2024-02-13,AU,Mobile,High,Paid,High,96,1,0,Purchase,5
5787,page_view,2024-01-24,AU,Mobile,High,Paid,Low,0,1,1,Awareness,1
5787,product_view,2024-01-08,AU,Mobile,High,Paid,Low,0,1,1,Consideration,2
5787,add_to_cart,2024-01-11,AU,Mobile,High,Paid,Low,0,1,1,Intent,3
5787,checkout_start,2024-01-13,AU,Mobile,High,Paid,Low,0,1,1,Checkout,4
5787,checkout_complete,2024-01-21,AU,Mobile,High,Paid,Low,151,1,1,Purchase,5
5357,page_view,2024-02-29,UK,Tablet,High,Organic,Medium,0,1,0,Awareness,1
5357,product_view,2024-02-07,UK,Tablet,High,Organic,Medium,0,1,0,Consideration,2
5357,add_to_cart,2024-02-10,UK,Tablet,High,Organic,Medium,0,1,0,Intent,3
5357,checkout_start,2024-01-08,UK,Tablet,High,Organic,Medium,0,1,0,Checkout,4
5357,checkout_complete,2024-01-22,UK,Tablet,High,Organic,Medium,90,1,0,Purchase,5
5086,page_view,2024-01-20,AU,Tablet,Low,Organic,Low,0,1,1,Awareness,1
5086,product_view,2024-02-02,AU,Tablet,Low,Organic,Low,0,1,1,Consideration,2
5086,add_to_cart,2024-01-10,AU,Tablet,Low,Organic,Low,0,1,1,Intent,3
5086,checkout_start,2024-02-09,AU,Tablet,Low,Organic,Low,0,1,1,Checkout,4
5086,checkout_complete,2024-02-19,AU,Tablet,Low,Organic,Low,51,1,1,Purchase,5
5545,page_view,2024-02-08,US,Desktop,Medium,Paid,Low,0,1,1,Awareness,1
5545,product_view,2024-01-02,US,Desktop,Medium,Paid,Low,0,1,1,Consideration,2
5545,add_to_cart,2024-02-07,US,Desktop,Medium,Paid,Low,0,1,1,Intent,3
5545,checkout_start,2024-02-08,US,Desktop,Medium,Paid,Low,0,1,1,Checkout,4
5545,checkout_complete,2024-02-15,US,Desktop,Medium,Paid,Low,129,1,1,Purchase,5
5192,page_view,2024-01-06,UK,Mobile,Medium,Referral,Low,0,1,0,Awareness,1
5192,product_view,2024-01-09,UK,Mobile,Medium,Referral,Low,0,1,0,Consideration,2
5192,add_to_cart,2024-01-06,UK,Mobile,Medium,Referral,Low,0,1,0,Intent,3
5192,checkout_start,2024-01-09,UK,Mobile,Medium,Referral,Low,0,1,0,Checkout,4
5192,checkout_complete,2024-01-31,UK,Mobile,Medium,Referral,Low,142,1,0,Purchase,5
5795,page_view,2024-01-07,AU,Tablet,Medium,Paid,Medium,0,1,1,Awareness,1
5795,product_view,2024-01-11,AU,Tablet,Medium,Paid,Medium,0,1,1,Consideration,2
5795,add_to_cart,2024-01-20,AU,Tablet,Medium,Paid,Medium,0,1,1,Intent,3
5795,checkout_start,2024-01-16,AU,Tablet,Medium,Paid,Medium,0,1,1,Checkout,4
5795,checkout_complete,2024-01-06,AU,Tablet,Medium,Paid,Medium,43,1,1,Purchase,5
5033,page_view,2024-01-12,CA,Mobile,Low,Paid,Low,0,1,0,Awareness,1
5033,product_view,2024-01-23,CA,Mobile,Low,Paid,Low,0,1,0,Consideration,2
5033,add_to_cart,2024-01-12,CA,Mobile,Low,Paid,Low,0,1,0,Intent,3
5033,checkout_start,2024-01-13,CA,Mobile,Low,Paid,Low,0,1,0,Checkout,4
5033,checkout_complete,2024-02-14,CA,Mobile,Low,Paid,Low,44,1,0,Purchase,5
5031,page_view,2024-02-20,UK,Mobile,Medium,Organic,Low,0,1,0,Awareness,1
5031,product_view,2024-02-13,UK,Mobile,Medium,Organic,Low,0,1,0,Consideration,2
5031,add_to_cart,2024-01-18,UK,Mobile,Medium,Organic,Low,0,1,0,Intent,3
5031,checkout_start,2024-01-06,UK,Mobile,Medium,Organic,Low,0,1,0,Checkout,4
5031,checkout_complete,2024-01-19,UK,Mobile,Medium,Organic,Low,57,1,0,Purchase,5
5199,page_view,2024-02-23,US,Mobile,High,Referral,Low,0,1,1,Awareness,1
5199,product_view,2024-01-15,US,Mobile,High,Referral,Low,0,1,1,Consideration,2
5199,add_to_cart,2024-02-02,US,Mobile,High,Referral,Low,0,1,1,Intent,3
5199,checkout_start,2024-01-07,US,Mobile,High,Referral,Low,0,1,1,Checkout,4
5199,checkout_complete,2024-02-18,US,Mobile,High,Referral,Low,155,1,1,Purchase,5
5365,page_view,2024-02-29,US,Desktop,Low,Paid,Medium,0,1,0,Awareness,1
5365,product_view,2024-01-24,US,Desktop,Low,Paid,Medium,0,1,0,Consideration,2
5365,add_to_cart,2024-02-19,US,Desktop,Low,Paid,Medium,0,1,0,Intent,3
5365,checkout_start,2024-02-18,US,Desktop,Low,Paid,Medium,0,1,0,Checkout,4
5365,checkout_complete,2024-02-01,US,Desktop,Low,Paid,Medium,70,1,0,Purchase,5
5486,page_view,2024-02-11,UK,Mobile,Medium,Organic,High,0,0,1,Awareness,1
5486,product_view,2024-02-20,UK,Mobile,Medium,Organic,High,0,0,1,Consideration,2
5486,add_to_cart,2024-02-20,UK,Mobile,Medium,Organic,High,0,0,1,Intent,3
5486,checkout_start,2024-02-27,UK,Mobile,Medium,Organic,High,0,0,1,Checkout,4
5486,checkout_complete,2024-01-03,UK,Mobile,Medium,Organic,High,51,0,1,Purchase,5
5594,page_view,2024-02-11,CA,Mobile,Medium,Paid,High,0,1,1,Awareness,1
5594,product_view,2024-02-13,CA,Mobile,Medium,Paid,High,0,1,1,Consideration,2
5594,add_to_cart,2024-01-14,CA,Mobile,Medium,Paid,High,0,1,1,Intent,3
5594,checkout_start,2024-01-14,CA,Mobile,Medium,Paid,High,0,1,1,Checkout,4
5594,checkout_complete,2024-02-24,CA,Mobile,Medium,Paid,High,41,1,1,Purchase,5
5568,page_view,2024-01-25,US,Mobile,Medium,Organic,High,0,1,1,Awareness,1
5568,product_view,2024-01-20,US,Mobile,Medium,Organic,High,0,1,1,Consideration,2
5568,add_to_cart,2024-01-02,US,Mobile,Medium,Organic,High,0,1,1,Intent,3
5568,checkout_start,2024-02-08,US,Mobile,Medium,Organic,High,0,1,1,Checkout,4
5568,checkout_complete,2024-01-17,US,Mobile,Medium,Organic,High,109,1,1,Purchase,5
5428,page_view,2024-02-05,UK,Desktop,Medium,Referral,Low,0,1,1,Awareness,1
5428,product_view,2024-02-14,UK,Desktop,Medium,Referral,Low,0,1,1,Consideration,2
5428,add_to_cart,2024-01-23,UK,Desktop,Medium,Referral,Low,0,1,1,Intent,3
5428,checkout_start,2024-02-16,UK,Desktop,Medium,Referral,Low,0,1,1,Checkout,4
5428,checkout_complete,2024-01-11,UK,Desktop,Medium,Referral,Low,70,1,1,Purchase,5
5137,page_view,2024-01-20,AU,Mobile,Low,Paid,Low,0,1,1,Awareness,1
5137,product_view,2024-01-08,AU,Mobile,Low,Paid,Low,0,1,1,Consideration,2
5137,add_to_cart,2024-02-12,AU,Mobile,Low,Paid,Low,0,1,1,Intent,3
5137,checkout_start,2024-01-12,AU,Mobile,Low,Paid,Low,0,1,1,Checkout,4
5137,checkout_complete,2024-02-26,AU,Mobile,Low,Paid,Low,20,1,1,Purchase,5
5072,page_view,2024-02-25,US,Desktop,High,Organic,Low,0,1,0,Awareness,1
5072,product_view,2024-02-13,US,Desktop,High,Organic,Low,0,1,0,Consideration,2
5072,add_to_cart,2024-02-25,US,Desktop,High,Organic,Low,0,1,0,Intent,3
5072,checkout_start,2024-01-28,US,Desktop,High,Organic,Low,0,1,0,Checkout,4
5072,checkout_complete,2024-01-15,US,Desktop,High,Organic,Low,190,1,0,Purchase,5
5077,page_view,2024-01-29,AU,Mobile,Medium,Paid,Low,0,1,0,Awareness,1
5077,product_view,2024-01-01,AU,Mobile,Medium,Paid,Low,0,1,0,Consideration,2
5077,add_to_cart,2024-02-24,AU,Mobile,Medium,Paid,Low,0,1,0,Intent,3
5077,checkout_start,2024-02-04,AU,Mobile,Medium,Paid,Low,0,1,0,Checkout,4
5077,checkout_complete,2024-02-06,AU,Mobile,Medium,Paid,Low,109,1,0,Purchase,5
5512,page_view,2024-02-28,US,Mobile,Low,Organic,Medium,0,1,1,Awareness,1
5512,product_view,2024-02-12,US,Mobile,Low,Organic,Medium,0,1,1,Consideration,2
5512,add_to_cart,2024-02-03,US,Mobile,Low,Organic,Medium,0,1,1,Intent,3
5512,checkout_start,2024-01-25,US,Mobile,Low,Organic,Medium,0,1,1,Checkout,4
5512,checkout_complete,2024-01-29,US,Mobile,Low,Organic,Medium,69,1,1,Purchase,5
5783,page_view,2024-02-14,CA,Mobile,Low,Paid,Low,0,1,1,Awareness,1
5783,product_view,2024-02-21,CA,Mobile,Low,Paid,Low,0,1,1,Consideration,2
5783,add_to_cart,2024-01-16,CA,Mobile,Low,Paid,Low,0,1,1,Intent,3
5783,checkout_start,2024-02-19,CA,Mobile,Low,Paid,Low,0,1,1,Checkout,4
5783,checkout_complete,2024-02-19,CA,Mobile,Low,Paid,Low,27,1,1,Purchase,5
5786,page_view,2024-02-24,US,Mobile,High,Paid,High,0,1,0,Awareness,1
5786,product_view,2024-02-24,US,Mobile,High,Paid,High,0,1,0,Consideration,2
5786,add_to_cart,2024-01-26,US,Mobile,High,Paid,High,0,1,0,Intent,3
5786,checkout_start,2024-02-12,US,Mobile,High,Paid,High,0,1,0,Checkout,4
5786,checkout_complete,2024-02-19,US,Mobile,High,Paid,High,237,1,0,Purchase,5
5275,page_view,2024-02-02,CA,Mobile,High,Referral,Low,0,0,0,Awareness,1
5275,product_view,2024-01-01,CA,Mobile,High,Referral,Low,0,0,0,Consideration,2
5275,add_to_cart,2024-01-19,CA,Mobile,High,Referral,Low,0,0,0,Intent,3
5275,checkout_start,2024-01-31,CA,Mobile,High,Referral,Low,0,0,0,Checkout,4
5275,checkout_complete,2024-02-22,CA,Mobile,High,Referral,Low,221,0,0,Purchase,5
5361,page_view,2024-02-10,UK,Desktop,Medium,Paid,High,0,1,0,Awareness,1
5361,product_view,2024-01-25,UK,Desktop,Medium,Paid,High,0,1,0,Consideration,2
5361,add_to_cart,2024-02-17,UK,Desktop,Medium,Paid,High,0,1,0,Intent,3
5361,checkout_start,2024-01-13,UK,Desktop,Medium,Paid,High,0,1,0,Checkout,4
5361,checkout_complete,2024-02-22,UK,Desktop,Medium,Paid,High,112,1,0,Purchase,5
5096,page_view,2024-02-03,AU,Desktop,Medium,Paid,High,0,0,1,Awareness,1
5096,product_view,2024-01-18,AU,Desktop,Medium,Paid,High,0,0,1,Consideration,2
5096,add_to_cart,2024-01-13,AU,Desktop,Medium,Paid,High,0,0,1,Intent,3
5096,checkout_start,2024-02-10,AU,Desktop,Medium,Paid,High,0,0,1,Checkout,4
5096,checkout_complete,2024-01-19,AU,Desktop,Medium,Paid,High,62,0,1,Purchase,5
5641,page_view,2024-01-07,UK,Mobile,Low,Organic,Low,0,1,1,Awareness,1
5641,product_view,2024-01-15,UK,Mobile,Low,Organic,Low,0,1,1,Consideration,2
5641,add_to_cart,2024-01-21,UK,Mobile,Low,Organic,Low,0,1,1,Intent,3
5641,checkout_start,2024-01-19,UK,Mobile,Low,Organic,Low,0,1,1,Checkout,4
5641,checkout_complete,2024-01-29,UK,Mobile,Low,Organic,Low,79,1,1,Purchase,5
5715,page_view,2024-01-14,US,Mobile,Medium,Organic,Low,0,1,1,Awareness,1
5715,product_view,2024-01-10,US,Mobile,Medium,Organic,Low,0,1,1,Consideration,2
5715,add_to_cart,2024-01-02,US,Mobile,Medium,Organic,Low,0,1,1,Intent,3
5715,checkout_start,2024-02-15,US,Mobile,Medium,Organic,Low,0,1,1,Checkout,4
5715,checkout_complete,2024-01-03,US,Mobile,Medium,Organic,Low,48,1,1,Purchase,5
5281,page_view,2024-02-03,UK,Mobile,Medium,Referral,Low,0,1,1,Awareness,1
5281,product_view,2024-02-17,UK,Mobile,Medium,Referral,Low,0,1,1,Consideration,2
5281,add_to_cart,2024-02-06,UK,Mobile,Medium,Referral,Low,0,1,1,Intent,3
5281,checkout_start,2024-01-15,UK,Mobile,Medium,Referral,Low,0,1,1,Checkout,4
5281,checkout_complete,2024-02-05,UK,Mobile,Medium,Referral,Low,83,1,1,Purchase,5
5393,page_view,2024-02-12,UK,Desktop,Medium,Paid,Medium,0,1,0,Awareness,1
5393,product_view,2024-02-24,UK,Desktop,Medium,Paid,Medium,0,1,0,Consideration,2
5393,add_to_cart,2024-01-16,UK,Desktop,Medium,Paid,Medium,0,1,0,Intent,3
5393,checkout_start,2024-02-16,UK,Desktop,Medium,Paid,Medium,0,1,0,Checkout,4
5393,checkout_complete,2024-01-25,UK,Desktop,Medium,Paid,Medium,54,1,0,Purchase,5
5628,page_view,2024-02-17,AU,Tablet,Medium,Organic,Low,0,1,1,Awareness,1
5628,product_view,2024-02-22,AU,Tablet,Medium,Organic,Low,0,1,1,Consideration,2
5628,add_to_cart,2024-02-21,AU,Tablet,Medium,Organic,Low,0,1,1,Intent,3
5628,checkout_start,2024-02-15,AU,Tablet,Medium,Organic,Low,0,1,1,Checkout,4
5628,checkout_complete,2024-01-29,AU,Tablet,Medium,Organic,Low,66,1,1,Purchase,5
5608,page_view,2024-01-26,AU,Mobile,Low,Paid,Medium,0,1,0,Awareness,1
5608,product_view,2024-01-25,AU,Mobile,Low,Paid,Medium,0,1,0,Consideration,2
5608,add_to_cart,2024-01-30,AU,Mobile,Low,Paid,Medium,0,1,0,Intent,3
5608,checkout_start,2024-01-11,AU,Mobile,Low,Paid,Medium,0,1,0,Checkout,4
5608,checkout_complete,2024-01-31,AU,Mobile,Low,Paid,Medium,26,1,0,Purchase,5
5705,page_view,2024-02-05,CA,Desktop,Low,Paid,Low,0,1,1,Awareness,1
5705,product_view,2024-01-20,CA,Desktop,Low,Paid,Low,0,1,1,Consideration,2
5705,add_to_cart,2024-01-04,CA,Desktop,Low,Paid,Low,0,1,1,Intent,3
5705,checkout_start,2024-02-23,CA,Desktop,Low,Paid,Low,0,1,1,Checkout,4
5705,checkout_complete,2024-02-23,CA,Desktop,Low,Paid,Low,26,1,1,Purchase,5
5754,page_view,2024-01-28,UK,Mobile,Medium,Organic,Low,0,1,1,Awareness,1
5754,product_view,2024-01-09,UK,Mobile,Medium,Organic,Low,0,1,1,Consideration,2
5754,add_to_cart,2024-01-26,UK,Mobile,Medium,Organic,Low,0,1,1,Intent,3
5754,checkout_start,2024-01-09,UK,Mobile,Medium,Organic,Low,0,1,1,Checkout,4
5754,checkout_complete,2024-01-10,UK,Mobile,Medium,Organic,Low,54,1,1,Purchase,5
5054,page_view,2024-02-19,UK,Tablet,High,Organic,Low,0,1,0,Awareness,1
5054,product_view,2024-01-24,UK,Tablet,High,Organic,Low,0,1,0,Consideration,2
5054,add_to_cart,2024-01-19,UK,Tablet,High,Organic,Low,0,1,0,Intent,3
5054,checkout_start,2024-02-05,UK,Tablet,High,Organic,Low,0,1,0,Checkout,4
5054,checkout_complete,2024-02-08,UK,Tablet,High,Organic,Low,139,1,0,Purchase,5
5750,page_view,2024-02-13,AU,Mobile,Medium,Organic,Medium,0,1,1,Awareness,1
5750,product_view,2024-02-03,AU,Mobile,Medium,Organic,Medium,0,1,1,Consideration,2
5750,add_to_cart,2024-02-02,AU,Mobile,Medium,Organic,Medium,0,1,1,Intent,3
5750,checkout_start,2024-02-24,AU,Mobile,Medium,Organic,Medium,0,1,1,Checkout,4
5750,checkout_complete,2024-01-17,AU,Mobile,Medium,Organic,Medium,60,1,1,Purchase,5
5155,page_view,2024-02-26,CA,Desktop,High,Organic,Medium,0,1,1,Awareness,1
5155,product_view,2024-01-25,CA,Desktop,High,Organic,Medium,0,1,1,Consideration,2
5155,add_to_cart,2024-01-02,CA,Desktop,High,Organic,Medium,0,1,1,Intent,3
5155,checkout_start,2024-02-04,CA,Desktop,High,Organic,Medium,0,1,1,Checkout,4
5155,checkout_complete,2024-01-21,CA,Desktop,High,Organic,Medium,86,1,1,Purchase,5
5432,page_view,2024-01-19,US,Desktop,Medium,Paid,Medium,0,0,1,Awareness,1
5432,product_view,2024-01-04,US,Desktop,Medium,Paid,Medium,0,0,1,Consideration,2
5432,add_to_cart,2024-01-26,US,Desktop,Medium,Paid,Medium,0,0,1,Intent,3
5432,checkout_start,2024-02-07,US,Desktop,Medium,Paid,Medium,0,0,1,Checkout,4
5432,checkout_complete,2024-02-01,US,Desktop,Medium,Paid,Medium,81,0,1,Purchase,5
5097,page_view,2024-01-06,AU,Desktop,High,Organic,Medium,0,1,1,Awareness,1
5097,product_view,2024-02-10,AU,Desktop,High,Organic,Medium,0,1,1,Consideration,2
5097,add_to_cart,2024-02-08,AU,Desktop,High,Organic,Medium,0,1,1,Intent,3
5097,checkout_start,2024-01-04,AU,Desktop,High,Organic,Medium,0,1,1,Checkout,4
5097,checkout_complete,2024-02-18,AU,Desktop,High,Organic,Medium,92,1,1,Purchase,5
5120,page_view,2024-02-23,AU,Mobile,Low,Paid,Medium,0,0,0,Awareness,1
5120,product_view,2024-02-13,AU,Mobile,Low,Paid,Medium,0,0,0,Consideration,2
5120,add_to_cart,2024-02-27,AU,Mobile,Low,Paid,Medium,0,0,0,Intent,3
5120,checkout_start,2024-01-03,AU,Mobile,Low,Paid,Medium,0,0,0,Checkout,4
5120,checkout_complete,2024-01-02,AU,Mobile,Low,Paid,Medium,89,0,0,Purchase,5
5076,page_view,2024-02-27,US,Tablet,Low,Paid,Medium,0,1,1,Awareness,1
5076,product_view,2024-02-05,US,Tablet,Low,Paid,Medium,0,1,1,Consideration,2
5076,add_to_cart,2024-01-05,US,Tablet,Low,Paid,Medium,0,1,1,Intent,3
5076,checkout_start,2024-01-13,US,Tablet,Low,Paid,Medium,0,1,1,Checkout,4
5076,checkout_complete,2024-02-16,US,Tablet,Low,Paid,Medium,50,1,1,Purchase,5
5204,page_view,2024-01-08,UK,Mobile,High,Paid,High,0,1,1,Awareness,1
5204,product_view,2024-01-20,UK,Mobile,High,Paid,High,0,1,1,Consideration,2
5204,add_to_cart,2024-01-03,UK,Mobile,High,Paid,High,0,1,1,Intent,3
5204,checkout_start,2024-01-16,UK,Mobile,High,Paid,High,0,1,1,Checkout,4
5204,checkout_complete,2024-02-14,UK,Mobile,High,Paid,High,109,1,1,Purchase,5
5352,page_view,2024-01-21,UK,Tablet,High,Referral,High,0,1,0,Awareness,1
5352,product_view,2024-01-20,UK,Tablet,High,Referral,High,0,1,0,Consideration,2
5352,add_to_cart,2024-01-06,UK,Tablet,High,Referral,High,0,1,0,Intent,3
5352,checkout_start,2024-01-22,UK,Tablet,High,Referral,High,0,1,0,Checkout,4
5352,checkout_complete,2024-02-02,UK,Tablet,High,Referral,High,111,1,0,Purchase,5
5764,page_view,2024-01-02,AU,Desktop,Medium,Paid,Low,0,1,1,Awareness,1
5764,product_view,2024-02-10,AU,Desktop,Medium,Paid,Low,0,1,1,Consideration,2
5764,add_to_cart,2024-01-21,AU,Desktop,Medium,Paid,Low,0,1,1,Intent,3
5764,checkout_start,2024-01-02,AU,Desktop,Medium,Paid,Low,0,1,1,Checkout,4
5764,checkout_complete,2024-02-26,AU,Desktop,Medium,Paid,Low,130,1,1,Purchase,5
5208,page_view,2024-01-22,AU,Mobile,Medium,Organic,High,0,0,1,Awareness,1
5208,product_view,2024-02-12,AU,Mobile,Medium,Organic,High,0,0,1,Consideration,2
5208,add_to_cart,2024-01-15,AU,Mobile,Medium,Organic,High,0,0,1,Intent,3
5208,checkout_start,2024-01-22,AU,Mobile,Medium,Organic,High,0,0,1,Checkout,4
5208,checkout_complete,2024-02-06,AU,Mobile,Medium,Organic,High,99,0,1,Purchase,5
5367,page_view,2024-01-30,US,Mobile,Medium,Paid,High,0,1,0,Awareness,1
5367,product_view,2024-01-14,US,Mobile,Medium,Paid,High,0,1,0,Consideration,2
5367,add_to_cart,2024-01-06,US,Mobile,Medium,Paid,High,0,1,0,Intent,3
5367,checkout_start,2024-01-03,US,Mobile,Medium,Paid,High,0,1,0,Checkout,4
5367,checkout_complete,2024-01-07,US,Mobile,Medium,Paid,High,119,1,0,Purchase,5
5425,page_view,2024-01-18,US,Mobile,Medium,Organic,Low,0,1,0,Awareness,1
5425,product_view,2024-01-10,US,Mobile,Medium,Organic,Low,0,1,0,Consideration,2
5425,add_to_cart,2024-01-25,US,Mobile,Medium,Organic,Low,0,1,0,Intent,3
5425,checkout_start,2024-01-02,US,Mobile,Medium,Organic,Low,0,1,0,Checkout,4
5425,checkout_complete,2024-02-23,US,Mobile,Medium,Organic,Low,64,1,0,Purchase,5
5515,page_view,2024-02-10,US,Desktop,Medium,Paid,High,0,1,1,Awareness,1
5515,product_view,2024-01-06,US,Desktop,Medium,Paid,High,0,1,1,Consideration,2
5515,add_to_cart,2024-01-25,US,Desktop,Medium,Paid,High,0,1,1,Intent,3
5515,checkout_start,2024-01-13,US,Desktop,Medium,Paid,High,0,1,1,Checkout,4
5515,checkout_complete,2024-01-08,US,Desktop,Medium,Paid,High,137,1,1,Purchase,5
5084,page_view,2024-01-13,CA,Tablet,Medium,Paid,Medium,0,0,1,Awareness,1
5084,product_view,2024-01-31,CA,Tablet,Medium,Paid,Medium,0,0,1,Consideration,2
5084,add_to_cart,2024-01-14,CA,Tablet,Medium,Paid,Medium,0,0,1,Intent,3
5084,checkout_start,2024-01-20,CA,Tablet,Medium,Paid,Medium,0,0,1,Checkout,4
5084,checkout_complete,2024-01-29,CA,Tablet,Medium,Paid,Medium,57,0,1,Purchase,5
5010,page_view,2024-01-05,US,Mobile,High,Paid,Medium,0,1,1,Awareness,1
5010,product_view,2024-01-19,US,Mobile,High,Paid,Medium,0,1,1,Consideration,2
5010,add_to_cart,2024-02-03,US,Mobile,High,Paid,Medium,0,1,1,Intent,3
5010,checkout_start,2024-01-10,US,Mobile,High,Paid,Medium,0,1,1,Checkout,4
5010,checkout_complete,2024-01-02,US,Mobile,High,Paid,Medium,168,1,1,Purchase,5
5720,page_view,2024-01-09,CA,Desktop,Medium,Paid,High,0,1,1,Awareness,1
5720,product_view,2024-01-28,CA,Desktop,Medium,Paid,High,0,1,1,Consideration,2
5720,add_to_cart,2024-02-15,CA,Desktop,Medium,Paid,High,0,1,1,Intent,3
5720,checkout_start,2024-02-20,CA,Desktop,Medium,Paid,High,0,1,1,Checkout,4
5720,checkout_complete,2024-01-16,CA,Desktop,Medium,Paid,High,46,1,1,Purchase,5
5110,page_view,2024-02-21,AU,Tablet,Medium,Paid,High,0,1,1,Awareness,1
5110,product_view,2024-02-05,AU,Tablet,Medium,Paid,High,0,1,1,Consideration,2
5110,add_to_cart,2024-02-29,AU,Tablet,Medium,Paid,High,0,1,1,Intent,3
5110,checkout_start,2024-02-07,AU,Tablet,Medium,Paid,High,0,1,1,Checkout,4
5110,checkout_complete,2024-02-19,AU,Tablet,Medium,Paid,High,142,1,1,Purchase,5
5521,page_view,2024-01-07,UK,Desktop,High,Referral,Low,0,1,1,Awareness,1
5521,product_view,2024-02-06,UK,Desktop,High,Referral,Low,0,1,1,Consideration,2
5521,add_to_cart,2024-01-22,UK,Desktop,High,Referral,Low,0,1,1,Intent,3
5521,checkout_start,2024-01-05,UK,Desktop,High,Referral,Low,0,1,1,Checkout,4
5521,checkout_complete,2024-01-27,UK,Desktop,High,Referral,Low,209,1,1,Purchase,5
5777,page_view,2024-01-21,US,Desktop,Medium,Paid,Low,0,1,1,Awareness,1
5777,product_view,2024-01-26,US,Desktop,Medium,Paid,Low,0,1,1,Consideration,2
5777,add_to_cart,2024-02-19,US,Desktop,Medium,Paid,Low,0,1,1,Intent,3
5777,checkout_start,2024-02-14,US,Desktop,Medium,Paid,Low,0,1,1,Checkout,4
5777,checkout_complete,2024-02-22,US,Desktop,Medium,Paid,Low,124,1,1,Purchase,5
5209,page_view,2024-02-24,AU,Mobile,Low,Referral,Low,0,1,1,Awareness,1
5209,product_view,2024-02-22,AU,Mobile,Low,Referral,Low,0,1,1,Consideration,2
5209,add_to_cart,2024-01-26,AU,Mobile,Low,Referral,Low,0,1,1,Intent,3
5209,checkout_start,2024-01-04,AU,Mobile,Low,Referral,Low,0,1,1,Checkout,4
5209,checkout_complete,2024-02-21,AU,Mobile,Low,Referral,Low,53,1,1,Purchase,5
5235,page_view,2024-01-13,CA,Mobile,High,Paid,Low,0,1,0,Awareness,1
5235,product_view,2024-02-18,CA,Mobile,High,Paid,Low,0,1,0,Consideration,2
5235,add_to_cart,2024-02-10,CA,Mobile,High,Paid,Low,0,1,0,Intent,3
5235,checkout_start,2024-01-17,CA,Mobile,High,Paid,Low,0,1,0,Checkout,4
5235,checkout_complete,2024-01-09,CA,Mobile,High,Paid,Low,199,1,0,Purchase,5
5316,page_view,2024-01-21,AU,Mobile,Low,Referral,High,0,1,0,Awareness,1
5316,product_view,2024-01-28,AU,Mobile,Low,Referral,High,0,1,0,Consideration,2
5316,add_to_cart,2024-01-11,AU,Mobile,Low,Referral,High,0,1,0,Intent,3
5316,checkout_start,2024-02-24,AU,Mobile,Low,Referral,High,0,1,0,Checkout,4
5316,checkout_complete,2024-01-08,AU,Mobile,Low,Referral,High,53,1,0,Purchase,5
5388,page_view,2024-02-13,CA,Desktop,Low,Paid,Medium,0,0,1,Awareness,1
5388,product_view,2024-01-01,CA,Desktop,Low,Paid,Medium,0,0,1,Consideration,2
5388,add_to_cart,2024-01-23,CA,Desktop,Low,Paid,Medium,0,0,1,Intent,3
5388,checkout_start,2024-02-06,CA,Desktop,Low,Paid,Medium,0,0,1,Checkout,4
5388,checkout_complete,2024-01-13,CA,Desktop,Low,Paid,Medium,27,0,1,Purchase,5
5118,page_view,2024-01-21,US,Mobile,High,Paid,Low,0,1,0,Awareness,1
5118,product_view,2024-02-09,US,Mobile,High,Paid,Low,0,1,0,Consideration,2
5118,add_to_cart,2024-02-27,US,Mobile,High,Paid,Low,0,1,0,Intent,3
5118,checkout_start,2024-01-31,US,Mobile,High,Paid,Low,0,1,0,Checkout,4
5118,checkout_complete,2024-02-05,US,Mobile,High,Paid,Low,189,1,0,Purchase,5
5719,page_view,2024-02-23,CA,Desktop,Medium,Paid,Low,0,1,1,Awareness,1
5719,product_view,2024-02-01,CA,Desktop,Medium,Paid,Low,0,1,1,Consideration,2
5719,add_to_cart,2024-01-08,CA,Desktop,Medium,Paid,Low,0,1,1,Intent,3
5719,checkout_start,2024-01-10,CA,Desktop,Medium,Paid,Low,0,1,1,Checkout,4
5719,checkout_complete,2024-02-16,CA,Desktop,Medium,Paid,Low,77,1,1,Purchase,5
5210,page_view,2024-01-03,CA,Desktop,High,Referral,Low,0,0,0,Awareness,1
5210,product_view,2024-02-18,CA,Desktop,High,Referral,Low,0,0,0,Consideration,2
5210,add_to_cart,2024-02-05,CA,Desktop,High,Referral,Low,0,0,0,Intent,3
5210,checkout_start,2024-01-04,CA,Desktop,High,Referral,Low,0,0,0,Checkout,4
5210,checkout_complete,2024-02-10,CA,Desktop,High,Referral,Low,157,0,0,Purchase,5
5254,page_view,2024-01-02,UK,Desktop,Medium,Paid,Low,0,1,1,Awareness,1
5254,product_view,2024-02-23,UK,Desktop,Medium,Paid,Low,0,1,1,Consideration,2
5254,add_to_cart,2024-01-13,UK,Desktop,Medium,Paid,Low,0,1,1,Intent,3
5254,checkout_start,2024-02-22,UK,Desktop,Medium,Paid,Low,0,1,1,Checkout,4
5254,checkout_complete,2024-01-31,UK,Desktop,Medium,Paid,Low,71,1,1,Purchase,5
5591,page_view,2024-01-25,UK,Mobile,Medium,Paid,Low,0,0,1,Awareness,1
5591,product_view,2024-02-09,UK,Mobile,Medium,Paid,Low,0,0,1,Consideration,2
5591,add_to_cart,2024-02-28,UK,Mobile,Medium,Paid,Low,0,0,1,Intent,3
5591,checkout_start,2024-01-14,UK,Mobile,Medium,Paid,Low,0,0,1,Checkout,4
5591,checkout_complete,2024-02-19,UK,Mobile,Medium,Paid,Low,128,0,1,Purchase,5
5029,page_view,2024-02-27,US,Desktop,Low,Organic,Medium,0,1,0,Awareness,1
5029,product_view,2024-02-01,US,Desktop,Low,Organic,Medium,0,1,0,Consideration,2
5029,add_to_cart,2024-01-30,US,Desktop,Low,Organic,Medium,0,1,0,Intent,3
5029,checkout_start,2024-02-24,US,Desktop,Low,Organic,Medium,0,1,0,Checkout,4
5029,checkout_complete,2024-02-18,US,Desktop,Low,Organic,Medium,58,1,0,Purchase,5
5266,page_view,2024-01-07,US,Desktop,High,Paid,Medium,0,1,0,Awareness,1
5266,product_view,2024-01-23,US,Desktop,High,Paid,Medium,0,1,0,Consideration,2
5266,add_to_cart,2024-02-13,US,Desktop,High,Paid,Medium,0,1,0,Intent,3
5266,checkout_start,2024-02-01,US,Desktop,High,Paid,Medium,0,1,0,Checkout,4
5266,checkout_complete,2024-01-22,US,Desktop,High,Paid,Medium,165,1,0,Purchase,5
5656,page_view,2024-02-19,US,Desktop,Low,Referral,Low,0,1,1,Awareness,1
5656,product_view,2024-01-31,US,Desktop,Low,Referral,Low,0,1,1,Consideration,2
5656,add_to_cart,2024-01-15,US,Desktop,Low,Referral,Low,0,1,1,Intent,3
5656,checkout_start,2024-02-20,US,Desktop,Low,Referral,Low,0,1,1,Checkout,4
5656,checkout_complete,2024-01-24,US,Desktop,Low,Referral,Low,42,1,1,Purchase,5
5662,page_view,2024-01-29,US,Mobile,Medium,Paid,Medium,0,1,1,Awareness,1
5662,product_view,2024-01-30,US,Mobile,Medium,Paid,Medium,0,1,1,Consideration,2
5662,add_to_cart,2024-02-08,US,Mobile,Medium,Paid,Medium,0,1,1,Intent,3
5662,checkout_start,2024-02-13,US,Mobile,Medium,Paid,Medium,0,1,1,Checkout,4
5662,checkout_complete,2024-02-06,US,Mobile,Medium,Paid,Medium,64,1,1,Purchase,5
5296,page_view,2024-02-04,AU,Desktop,High,Paid,Medium,0,0,1,Awareness,1
5296,product_view,2024-02-01,AU,Desktop,High,Paid,Medium,0,0,1,Consideration,2
5296,add_to_cart,2024-02-11,AU,Desktop,High,Paid,Medium,0,0,1,Intent,3
5296,checkout_start,2024-02-03,AU,Desktop,High,Paid,Medium,0,0,1,Checkout,4
5296,checkout_complete,2024-01-21,AU,Desktop,High,Paid,Medium,89,0,1,Purchase,5
5081,page_view,2024-02-11,CA,Desktop,Low,Paid,Low,0,1,1,Awareness,1
5081,product_view,2024-01-26,CA,Desktop,Low,Paid,Low,0,1,1,Consideration,2
5081,add_to_cart,2024-02-27,CA,Desktop,Low,Paid,Low,0,1,1,Intent,3
5081,checkout_start,2024-02-23,CA,Desktop,Low,Paid,Low,0,1,1,Checkout,4
5081,checkout_complete,2024-01-17,CA,Desktop,Low,Paid,Low,31,1,1,Purchase,5
5688,page_view,2024-02-25,US,Mobile,High,Paid,Low,0,1,1,Awareness,1
5688,product_view,2024-01-19,US,Mobile,High,Paid,Low,0,1,1,Consideration,2
5688,add_to_cart,2024-02-06,US,Mobile,High,Paid,Low,0,1,1,Intent,3
5688,checkout_start,2024-02-27,US,Mobile,High,Paid,Low,0,1,1,Checkout,4
5688,checkout_complete,2024-02-16,US,Mobile,High,Paid,Low,211,1,1,Purchase,5
5302,page_view,2024-02-08,AU,Mobile,Medium,Paid,Low,0,1,1,Awareness,1
5302,product_view,2024-01-21,AU,Mobile,Medium,Paid,Low,0,1,1,Consideration,2
5302,add_to_cart,2024-01-10,AU,Mobile,Medium,Paid,Low,0,1,1,Intent,3
5302,checkout_start,2024-02-07,AU,Mobile,Medium,Paid,Low,0,1,1,Checkout,4
5302,checkout_complete,2024-01-04,AU,Mobile,Medium,Paid,Low,85,1,1,Purchase,5
5506,page_view,2024-01-16,US,Mobile,High,Organic,Medium,0,1,1,Awareness,1
5506,product_view,2024-02-27,US,Mobile,High,Organic,Medium,0,1,1,Consideration,2
5506,add_to_cart,2024-02-24,US,Mobile,High,Organic,Medium,0,1,1,Intent,3
5506,checkout_start,2024-02-21,US,Mobile,High,Organic,Medium,0,1,1,Checkout,4
5506,checkout_complete,2024-02-25,US,Mobile,High,Organic,Medium,211,1,1,Purchase,5
5758,page_view,2024-01-19,UK,Desktop,Medium,Paid,Low,0,1,1,Awareness,1
5758,product_view,2024-01-22,UK,Desktop,Medium,Paid,Low,0,1,1,Consideration,2
5758,add_to_cart,2024-01-24,UK,Desktop,Medium,Paid,Low,0,1,1,Intent,3
5758,checkout_start,2024-02-14,UK,Desktop,Medium,Paid,Low,0,1,1,Checkout,4
5758,checkout_complete,2024-01-30,UK,Desktop,Medium,Paid,Low,115,1,1,Purchase,5
5314,page_view,2024-02-24,AU,Mobile,Low,Organic,Medium,0,1,1,Awareness,1
5314,product_view,2024-02-02,AU,Mobile,Low,Organic,Medium,0,1,1,Consideration,2
5314,add_to_cart,2024-01-18,AU,Mobile,Low,Organic,Medium,0,1,1,Intent,3
5314,checkout_start,2024-02-21,AU,Mobile,Low,Organic,Medium,0,1,1,Checkout,4
5314,checkout_complete,2024-01-11,AU,Mobile,Low,Organic,Medium,66,1,1,Purchase,5
5644,page_view,2024-01-06,US,Mobile,Low,Organic,Medium,0,1,1,Awareness,1
5644,product_view,2024-02-16,US,Mobile,Low,Organic,Medium,0,1,1,Consideration,2
5644,add_to_cart,2024-01-14,US,Mobile,Low,Organic,Medium,0,1,1,Intent,3
5644,checkout_start,2024-02-29,US,Mobile,Low,Organic,Medium,0,1,1,Checkout,4
5644,checkout_complete,2024-02-08,US,Mobile,Low,Organic,Medium,94,1,1,Purchase,5
5409,page_view,2024-01-30,US,Mobile,Medium,Paid,High,0,1,0,Awareness,1
5409,product_view,2024-02-23,US,Mobile,Medium,Paid,High,0,1,0,Consideration,2
5409,add_to_cart,2024-02-14,US,Mobile,Medium,Paid,High,0,1,0,Intent,3
5409,checkout_start,2024-01-06,US,Mobile,Medium,Paid,High,0,1,0,Checkout,4
5409,checkout_complete,2024-02-28,US,Mobile,Medium,Paid,High,120,1,0,Purchase,5
5211,page_view,2024-01-20,UK,Desktop,High,Referral,Low,0,1,1,Awareness,1
5211,product_view,2024-02-18,UK,Desktop,High,Referral,Low,0,1,1,Consideration,2
5211,add_to_cart,2024-01-21,UK,Desktop,High,Referral,Low,0,1,1,Intent,3
5211,checkout_start,2024-01-10,UK,Desktop,High,Referral,Low,0,1,1,Checkout,4
5211,checkout_complete,2024-02-05,UK,Desktop,High,Referral,Low,84,1,1,Purchase,5
5532,page_view,2024-02-10,CA,Tablet,High,Organic,High,0,1,1,Awareness,1
5532,product_view,2024-02-23,CA,Tablet,High,Organic,High,0,1,1,Consideration,2
5532,add_to_cart,2024-02-15,CA,Tablet,High,Organic,High,0,1,1,Intent,3
5532,checkout_start,2024-02-29,CA,Tablet,High,Organic,High,0,1,1,Checkout,4
5532,checkout_complete,2024-02-29,CA,Tablet,High,Organic,High,187,1,1,Purchase,5
5483,page_view,2024-01-28,US,Tablet,Medium,Referral,Low,0,1,1,Awareness,1
5483,product_view,2024-01-07,US,Tablet,Medium,Referral,Low,0,1,1,Consideration,2
5483,add_to_cart,2024-02-04,US,Tablet,Medium,Referral,Low,0,1,1,Intent,3
5483,checkout_start,2024-02-24,US,Tablet,Medium,Referral,Low,0,1,1,Checkout,4
5483,checkout_complete,2024-01-14,US,Tablet,Medium,Referral,Low,131,1,1,Purchase,5
5218,page_view,2024-02-05,UK,Mobile,High,Organic,High,0,1,1,Awareness,1
5218,product_view,2024-02-25,UK,Mobile,High,Organic,High,0,1,1,Consideration,2
5218,add_to_cart,2024-02-12,UK,Mobile,High,Organic,High,0,1,1,Intent,3
5218,checkout_start,2024-01-20,UK,Mobile,High,Organic,High,0,1,1,Checkout,4
5218,checkout_complete,2024-02-27,UK,Mobile,High,Organic,High,161,1,1,Purchase,5
5007,page_view,2024-02-25,UK,Mobile,Medium,Organic,Low,0,0,1,Awareness,1
5007,product_view,2024-01-11,UK,Mobile,Medium,Organic,Low,0,0,1,Consideration,2
5007,add_to_cart,2024-01-20,UK,Mobile,Medium,Organic,Low,0,0,1,Intent,3
5007,checkout_start,2024-01-24,UK,Mobile,Medium,Organic,Low,0,0,1,Checkout,4
5007,checkout_complete,2024-02-17,UK,Mobile,Medium,Organic,Low,54,0,1,Purchase,5
5464,page_view,2024-01-05,AU,Desktop,Low,Organic,Medium,0,1,0,Awareness,1
5464,product_view,2024-01-03,AU,Desktop,Low,Organic,Medium,0,1,0,Consideration,2
5464,add_to_cart,2024-01-23,AU,Desktop,Low,Organic,Medium,0,1,0,Intent,3
5464,checkout_start,2024-01-26,AU,Desktop,Low,Organic,Medium,0,1,0,Checkout,4
5464,checkout_complete,2024-01-24,AU,Desktop,Low,Organic,Medium,56,1,0,Purchase,5
5101,page_view,2024-01-04,US,Desktop,Medium,Organic,Low,0,1,1,Awareness,1
5101,product_view,2024-02-11,US,Desktop,Medium,Organic,Low,0,1,1,Consideration,2
5101,add_to_cart,2024-02-26,US,Desktop,Medium,Organic,Low,0,1,1,Intent,3
5101,checkout_start,2024-01-07,US,Desktop,Medium,Organic,Low,0,1,1,Checkout,4
5101,checkout_complete,2024-02-24,US,Desktop,Medium,Organic,Low,125,1,1,Purchase,5
5326,page_view,2024-01-17,US,Desktop,Medium,Referral,Medium,0,1,0,Awareness,1
5326,product_view,2024-02-03,US,Desktop,Medium,Referral,Medium,0,1,0,Consideration,2
5326,add_to_cart,2024-01-06,US,Desktop,Medium,Referral,Medium,0,1,0,Intent,3
5326,checkout_start,2024-02-15,US,Desktop,Medium,Referral,Medium,0,1,0,Checkout,4
5326,checkout_complete,2024-02-03,US,Desktop,Medium,Referral,Medium,109,1,0,Purchase,5
5652,page_view,2024-02-20,UK,Desktop,Medium,Organic,Low,0,1,0,Awareness,1
5652,product_view,2024-02-08,UK,Desktop,Medium,Organic,Low,0,1,0,Consideration,2
5652,add_to_cart,2024-01-22,UK,Desktop,Medium,Organic,Low,0,1,0,Intent,3
5652,checkout_start,2024-01-12,UK,Desktop,Medium,Organic,Low,0,1,0,Checkout,4
5652,checkout_complete,2024-02-16,UK,Desktop,Medium,Organic,Low,127,1,0,Purchase,5
5537,page_view,2024-01-21,UK,Tablet,Medium,Referral,High,0,1,1,Awareness,1
5537,product_view,2024-01-20,UK,Tablet,Medium,Referral,High,0,1,1,Consideration,2
5537,add_to_cart,2024-01-26,UK,Tablet,Medium,Referral,High,0,1,1,Intent,3
5537,checkout_start,2024-01-04,UK,Tablet,Medium,Referral,High,0,1,1,Checkout,4
5537,checkout_complete,2024-02-21,UK,Tablet,Medium,Referral,High,149,1,1,Purchase,5
5640,page_view,2024-02-09,US,Desktop,Medium,Organic,Low,0,1,0,Awareness,1
5640,product_view,2024-02-27,US,Desktop,Medium,Organic,Low,0,1,0,Consideration,2
5640,add_to_cart,2024-01-28,US,Desktop,Medium,Organic,Low,0,1,0,Intent,3
5640,checkout_start,2024-01-26,US,Desktop,Medium,Organic,Low,0,1,0,Checkout,4
5640,checkout_complete,2024-01-02,US,Desktop,Medium,Organic,Low,102,1,0,Purchase,5
5002,page_view,2024-01-23,AU,Mobile,High,Paid,Low,0,1,1,Awareness,1
5002,product_view,2024-01-25,AU,Mobile,High,Paid,Low,0,1,1,Consideration,2
5002,add_to_cart,2024-02-28,AU,Mobile,High,Paid,Low,0,1,1,Intent,3
5002,checkout_start,2024-02-19,AU,Mobile,High,Paid,Low,0,1,1,Checkout,4
5002,checkout_complete,2024-01-05,AU,Mobile,High,Paid,Low,226,1,1,Purchase,5
5738,page_view,2024-01-08,UK,Mobile,Low,Organic,Low,0,1,1,Awareness,1
5738,product_view,2024-02-24,UK,Mobile,Low,Organic,Low,0,1,1,Consideration,2
5738,add_to_cart,2024-01-09,UK,Mobile,Low,Organic,Low,0,1,1,Intent,3
5738,checkout_start,2024-02-16,UK,Mobile,Low,Organic,Low,0,1,1,Checkout,4
5738,checkout_complete,2024-02-17,UK,Mobile,Low,Organic,Low,34,1,1,Purchase,5
5776,page_view,2024-01-03,AU,Desktop,Low,Paid,High,0,1,0,Awareness,1
5776,product_view,2024-01-27,AU,Desktop,Low,Paid,High,0,1,0,Consideration,2
5776,add_to_cart,2024-02-19,AU,Desktop,Low,Paid,High,0,1,0,Intent,3
5776,checkout_start,2024-02-12,AU,Desktop,Low,Paid,High,0,1,0,Checkout,4
5776,checkout_complete,2024-02-07,AU,Desktop,Low,Paid,High,59,1,0,Purchase,5
5519,page_view,2024-01-30,AU,Mobile,High,Organic,Medium,0,1,1,Awareness,1
5519,product_view,2024-01-06,AU,Mobile,High,Organic,Medium,0,1,1,Consideration,2
5519,add_to_cart,2024-02-15,AU,Mobile,High,Organic,Medium,0,1,1,Intent,3
5519,checkout_start,2024-02-23,AU,Mobile,High,Organic,Medium,0,1,1,Checkout,4
5519,checkout_complete,2024-02-01,AU,Mobile,High,Organic,Medium,98,1,1,Purchase,5
5589,page_view,2024-01-13,CA,Tablet,High,Paid,Medium,0,0,0,Awareness,1
5589,product_view,2024-02-03,CA,Tablet,High,Paid,Medium,0,0,0,Consideration,2
5589,add_to_cart,2024-01-04,CA,Tablet,High,Paid,Medium,0,0,0,Intent,3
5589,checkout_start,2024-01-28,CA,Tablet,High,Paid,Medium,0,0,0,Checkout,4
5589,checkout_complete,2024-02-27,CA,Tablet,High,Paid,Medium,181,0,0,Purchase,5
5798,page_view,2024-01-26,CA,Desktop,Medium,Organic,Low,0,1,0,Awareness,1
5798,product_view,2024-01-05,CA,Desktop,Medium,Organic,Low,0,1,0,Consideration,2
5798,add_to_cart,2024-02-04,CA,Desktop,Medium,Organic,Low,0,1,0,Intent,3
5798,checkout_start,2024-01-28,CA,Desktop,Medium,Organic,Low,0,1,0,Checkout,4
5798,checkout_complete,2024-01-09,CA,Desktop,Medium,Organic,Low,132,1,0,Purchase,5
5744,page_view,2024-01-09,CA,Desktop,Low,Paid,High,0,0,0,Awareness,1
5744,product_view,2024-01-21,CA,Desktop,Low,Paid,High,0,0,0,Consideration,2
5744,add_to_cart,2024-01-24,CA,Desktop,Low,Paid,High,0,0,0,Intent,3
5744,checkout_start,2024-02-03,CA,Desktop,Low,Paid,High,0,0,0,Checkout,4
5744,checkout_complete,2024-01-12,CA,Desktop,Low,Paid,High,22,0,0,Purchase,5
5513,page_view,2024-02-03,US,Mobile,Medium,Organic,Low,0,1,1,Awareness,1
5513,product_view,2024-02-10,US,Mobile,Medium,Organic,Low,0,1,1,Consideration,2
5513,add_to_cart,2024-02-20,US,Mobile,Medium,Organic,Low,0,1,1,Intent,3
5513,checkout_start,2024-02-16,US,Mobile,Medium,Organic,Low,0,1,1,Checkout,4
5513,checkout_complete,2024-02-27,US,Mobile,Medium,Organic,Low,121,1,1,Purchase,5
5670,page_view,2024-02-04,AU,Mobile,Medium,Paid,High,0,1,0,Awareness,1
5670,product_view,2024-02-02,AU,Mobile,Medium,Paid,High,0,1,0,Consideration,2
5670,add_to_cart,2024-01-20,AU,Mobile,Medium,Paid,High,0,1,0,Intent,3
5670,checkout_start,2024-01-16,AU,Mobile,Medium,Paid,High,0,1,0,Checkout,4
5670,checkout_complete,2024-01-02,AU,Mobile,Medium,Paid,High,73,1,0,Purchase,5
5264,page_view,2024-01-23,CA,Mobile,Medium,Organic,High,0,1,0,Awareness,1
5264,product_view,2024-01-03,CA,Mobile,Medium,Organic,High,0,1,0,Consideration,2
5264,add_to_cart,2024-01-04,CA,Mobile,Medium,Organic,High,0,1,0,Intent,3
5264,checkout_start,2024-02-27,CA,Mobile,Medium,Organic,High,0,1,0,Checkout,4
5264,checkout_complete,2024-02-16,CA,Mobile,Medium,Organic,High,64,1,0,Purchase,5
5615,page_view,2024-01-17,CA,Desktop,Medium,Organic,Medium,0,1,0,Awareness,1
5615,product_view,2024-02-08,CA,Desktop,Medium,Organic,Medium,0,1,0,Consideration,2
5615,add_to_cart,2024-01-09,CA,Desktop,Medium,Organic,Medium,0,1,0,Intent,3
5615,checkout_start,2024-02-04,CA,Desktop,Medium,Organic,Medium,0,1,0,Checkout,4
5615,checkout_complete,2024-01-15,CA,Desktop,Medium,Organic,Medium,116,1,0,Purchase,5
5329,page_view,2024-01-14,CA,Mobile,High,Referral,Low,0,1,1,Awareness,1
5329,product_view,2024-02-05,CA,Mobile,High,Referral,Low,0,1,1,Consideration,2
5329,add_to_cart,2024-02-22,CA,Mobile,High,Referral,Low,0,1,1,Intent,3
5329,checkout_start,2024-01-08,CA,Mobile,High,Referral,Low,0,1,1,Checkout,4
5329,checkout_complete,2024-01-19,CA,Mobile,High,Referral,Low,114,1,1,Purchase,5
5342,page_view,2024-01-22,AU,Mobile,Low,Organic,Medium,0,1,0,Awareness,1
5342,product_view,2024-02-17,AU,Mobile,Low,Organic,Medium,0,1,0,Consideration,2
5342,add_to_cart,2024-02-26,AU,Mobile,Low,Organic,Medium,0,1,0,Intent,3
5342,checkout_start,2024-01-19,AU,Mobile,Low,Organic,Medium,0,1,0,Checkout,4
5342,checkout_complete,2024-01-03,AU,Mobile,Low,Organic,Medium,70,1,0,Purchase,5
5394,page_view,2024-02-26,AU,Tablet,Low,Referral,Medium,0,1,1,Awareness,1
5394,product_view,2024-02-29,AU,Tablet,Low,Referral,Medium,0,1,1,Consideration,2
5394,add_to_cart,2024-01-19,AU,Tablet,Low,Referral,Medium,0,1,1,Intent,3
5394,checkout_start,2024-02-16,AU,Tablet,Low,Referral,Medium,0,1,1,Checkout,4
5394,checkout_complete,2024-02-25,AU,Tablet,Low,Referral,Medium,33,1,1,Purchase,5
5079,page_view,2024-01-14,AU,Mobile,Low,Paid,Low,0,1,1,Awareness,1
5079,product_view,2024-01-11,AU,Mobile,Low,Paid,Low,0,1,1,Consideration,2
5079,add_to_cart,2024-02-22,AU,Mobile,Low,Paid,Low,0,1,1,Intent,3
5079,checkout_start,2024-02-04,AU,Mobile,Low,Paid,Low,0,1,1,Checkout,4
5079,checkout_complete,2024-01-14,AU,Mobile,Low,Paid,Low,78,1,1,Purchase,5
5148,page_view,2024-02-25,AU,Desktop,Low,Organic,High,0,1,1,Awareness,1
5148,product_view,2024-02-24,AU,Desktop,Low,Organic,High,0,1,1,Consideration,2
5148,add_to_cart,2024-01-16,AU,Desktop,Low,Organic,High,0,1,1,Intent,3
5148,checkout_start,2024-01-29,AU,Desktop,Low,Organic,High,0,1,1,Checkout,4
5148,checkout_complete,2024-02-18,AU,Desktop,Low,Organic,High,81,1,1,Purchase,5
5350,page_view,2024-01-20,CA,Tablet,High,Paid,High,0,1,1,Awareness,1
5350,product_view,2024-02-06,CA,Tablet,High,Paid,High,0,1,1,Consideration,2
5350,add_to_cart,2024-01-03,CA,Tablet,High,Paid,High,0,1,1,Intent,3
5350,checkout_start,2024-02-13,CA,Tablet,High,Paid,High,0,1,1,Checkout,4
5350,checkout_complete,2024-02-22,CA,Tablet,High,Paid,High,240,1,1,Purchase,5
5382,page_view,2024-01-23,AU,Desktop,High,Referral,Low,0,0,1,Awareness,1
5382,product_view,2024-02-16,AU,Desktop,High,Referral,Low,0,0,1,Consideration,2
5382,add_to_cart,2024-02-09,AU,Desktop,High,Referral,Low,0,0,1,Intent,3
5382,checkout_start,2024-01-12,AU,Desktop,High,Referral,Low,0,0,1,Checkout,4
5382,checkout_complete,2024-02-15,AU,Desktop,High,Referral,Low,155,0,1,Purchase,5
5440,page_view,2024-02-26,UK,Mobile,Low,Paid,Low,0,0,1,Awareness,1
5440,product_view,2024-01-29,UK,Mobile,Low,Paid,Low,0,0,1,Consideration,2
5440,add_to_cart,2024-02-20,UK,Mobile,Low,Paid,Low,0,0,1,Intent,3
5440,checkout_start,2024-01-04,UK,Mobile,Low,Paid,Low,0,0,1,Checkout,4
5440,checkout_complete,2024-01-07,UK,Mobile,Low,Paid,Low,74,0,1,Purchase,5
5309,page_view,2024-02-24,AU,Mobile,High,Organic,Medium,0,0,1,Awareness,1
5309,product_view,2024-02-10,AU,Mobile,High,Organic,Medium,0,0,1,Consideration,2
5309,add_to_cart,2024-01-01,AU,Mobile,High,Organic,Medium,0,0,1,Intent,3
5309,checkout_start,2024-01-08,AU,Mobile,High,Organic,Medium,0,0,1,Checkout,4
5309,checkout_complete,2024-02-07,AU,Mobile,High,Organic,Medium,166,0,1,Purchase,5
5707,page_view,2024-02-11,US,Mobile,High,Organic,Medium,0,0,1,Awareness,1
5707,product_view,2024-01-01,US,Mobile,High,Organic,Medium,0,0,1,Consideration,2
5707,add_to_cart,2024-02-26,US,Mobile,High,Organic,Medium,0,0,1,Intent,3
5707,checkout_start,2024-01-29,US,Mobile,High,Organic,Medium,0,0,1,Checkout,4
5707,checkout_complete,2024-02-18,US,Mobile,High,Organic,Medium,188,0,1,Purchase,5
5133,page_view,2024-02-15,AU,Mobile,Medium,Paid,Low,0,1,1,Awareness,1
5133,product_view,2024-02-18,AU,Mobile,Medium,Paid,Low,0,1,1,Consideration,2
5133,add_to_cart,2024-01-08,AU,Mobile,Medium,Paid,Low,0,1,1,Intent,3
5133,checkout_start,2024-02-12,AU,Mobile,Medium,Paid,Low,0,1,1,Checkout,4
5133,checkout_complete,2024-02-29,AU,Mobile,Medium,Paid,Low,59,1,1,Purchase,5
5381,page_view,2024-01-09,US,Mobile,High,Paid,Medium,0,1,0,Awareness,1
5381,product_view,2024-01-24,US,Mobile,High,Paid,Medium,0,1,0,Consideration,2
5381,add_to_cart,2024-02-06,US,Mobile,High,Paid,Medium,0,1,0,Intent,3
5381,checkout_start,2024-02-18,US,Mobile,High,Paid,Medium,0,1,0,Checkout,4
5381,checkout_complete,2024-01-17,US,Mobile,High,Paid,Medium,120,1,0,Purchase,5
5213,page_view,2024-01-11,CA,Mobile,High,Organic,Low,0,1,1,Awareness,1
5213,product_view,2024-01-13,CA,Mobile,High,Organic,Low,0,1,1,Consideration,2
5213,add_to_cart,2024-02-15,CA,Mobile,High,Organic,Low,0,1,1,Intent,3
5213,checkout_start,2024-02-14,CA,Mobile,High,Organic,Low,0,1,1,Checkout,4
5213,checkout_complete,2024-02-09,CA,Mobile,High,Organic,Low,80,1,1,Purchase,5
5659,page_view,2024-01-26,AU,Desktop,Medium,Paid,Low,0,1,1,Awareness,1
5659,product_view,2024-02-08,AU,Desktop,Medium,Paid,Low,0,1,1,Consideration,2
5659,add_to_cart,2024-01-28,AU,Desktop,Medium,Paid,Low,0,1,1,Intent,3
5659,checkout_start,2024-02-27,AU,Desktop,Medium,Paid,Low,0,1,1,Checkout,4
5659,checkout_complete,2024-01-08,AU,Desktop,Medium,Paid,Low,108,1,1,Purchase,5
5055,page_view,2024-01-02,UK,Mobile,Low,Organic,Low,0,1,0,Awareness,1
5055,product_view,2024-01-04,UK,Mobile,Low,Organic,Low,0,1,0,Consideration,2
5055,add_to_cart,2024-01-30,UK,Mobile,Low,Organic,Low,0,1,0,Intent,3
5055,checkout_start,2024-02-02,UK,Mobile,Low,Organic,Low,0,1,0,Checkout,4
5055,checkout_complete,2024-01-18,UK,Mobile,Low,Organic,Low,55,1,0,Purchase,5
5736,page_view,2024-02-08,AU,Desktop,High,Paid,Low,0,1,1,Awareness,1
5736,product_view,2024-01-02,AU,Desktop,High,Paid,Low,0,1,1,Consideration,2
5736,add_to_cart,2024-01-29,AU,Desktop,High,Paid,Low,0,1,1,Intent,3
5736,checkout_start,2024-02-10,AU,Desktop,High,Paid,Low,0,1,1,Checkout,4
5736,checkout_complete,2024-01-11,AU,Desktop,High,Paid,Low,130,1,1,Purchase,5
5620,page_view,2024-01-27,CA,Tablet,Medium,Paid,Medium,0,0,0,Awareness,1
5620,product_view,2024-02-22,CA,Tablet,Medium,Paid,Medium,0,0,0,Consideration,2
5620,add_to_cart,2024-01-02,CA,Tablet,Medium,Paid,Medium,0,0,0,Intent,3
5620,checkout_start,2024-01-29,CA,Tablet,Medium,Paid,Medium,0,0,0,Checkout,4
5620,checkout_complete,2024-01-03,CA,Tablet,Medium,Paid,Medium,77,0,0,Purchase,5
5582,page_view,2024-01-15,US,Desktop,Medium,Organic,Medium,0,1,1,Awareness,1
5582,product_view,2024-01-26,US,Desktop,Medium,Organic,Medium,0,1,1,Consideration,2
5582,add_to_cart,2024-02-06,US,Desktop,Medium,Organic,Medium,0,1,1,Intent,3
5582,checkout_start,2024-01-21,US,Desktop,Medium,Organic,Medium,0,1,1,Checkout,4
5582,checkout_complete,2024-02-18,US,Desktop,Medium,Organic,Medium,101,1,1,Purchase,5
5673,page_view,2024-02-04,AU,Desktop,High,Paid,High,0,1,1,Awareness,1
5673,product_view,2024-02-14,AU,Desktop,High,Paid,High,0,1,1,Consideration,2
5673,add_to_cart,2024-02-24,AU,Desktop,High,Paid,High,0,1,1,Intent,3
5673,checkout_start,2024-01-09,AU,Desktop,High,Paid,High,0,1,1,Checkout,4
5673,checkout_complete,2024-01-30,AU,Desktop,High,Paid,High,201,1,1,Purchase,5
5527,page_view,2024-01-11,CA,Mobile,Medium,Paid,Medium,0,1,1,Awareness,1
5527,product_view,2024-02-17,CA,Mobile,Medium,Paid,Medium,0,1,1,Consideration,2
5527,add_to_cart,2024-02-01,CA,Mobile,Medium,Paid,Medium,0,1,1,Intent,3
5527,checkout_start,2024-02-27,CA,Mobile,Medium,Paid,Medium,0,1,1,Checkout,4
5527,checkout_complete,2024-02-23,CA,Mobile,Medium,Paid,Medium,96,1,1,Purchase,5
5196,page_view,2024-01-01,CA,Mobile,Low,Paid,Low,0,1,1,Awareness,1
5196,product_view,2024-01-01,CA,Mobile,Low,Paid,Low,0,1,1,Consideration,2
5196,add_to_cart,2024-02-16,CA,Mobile,Low,Paid,Low,0,1,1,Intent,3
5196,checkout_start,2024-01-20,CA,Mobile,Low,Paid,Low,0,1,1,Checkout,4
5196,checkout_complete,2024-01-29,CA,Mobile,Low,Paid,Low,38,1,1,Purchase,5
5713,page_view,2024-02-07,CA,Mobile,Medium,Organic,Low,0,1,1,Awareness,1
5713,product_view,2024-01-05,CA,Mobile,Medium,Organic,Low,0,1,1,Consideration,2
5713,add_to_cart,2024-01-08,CA,Mobile,Medium,Organic,Low,0,1,1,Intent,3
5713,checkout_start,2024-02-03,CA,Mobile,Medium,Organic,Low,0,1,1,Checkout,4
5713,checkout_complete,2024-02-21,CA,Mobile,Medium,Organic,Low,87,1,1,Purchase,5
5689,page_view,2024-02-28,CA,Desktop,Medium,Paid,Low,0,1,1,Awareness,1
5689,product_view,2024-01-03,CA,Desktop,Medium,Paid,Low,0,1,1,Consideration,2
5689,add_to_cart,2024-01-11,CA,Desktop,Medium,Paid,Low,0,1,1,Intent,3
5689,checkout_start,2024-02-14,CA,Desktop,Medium,Paid,Low,0,1,1,Checkout,4
5689,checkout_complete,2024-01-26,CA,Desktop,Medium,Paid,Low,43,1,1,Purchase,5
5060,page_view,2024-02-22,AU,Mobile,High,Organic,Low,0,1,1,Awareness,1
5060,product_view,2024-01-30,AU,Mobile,High,Organic,Low,0,1,1,Consideration,2
5060,add_to_cart,2024-02-11,AU,Mobile,High,Organic,Low,0,1,1,Intent,3
5060,checkout_start,2024-02-06,AU,Mobile,High,Organic,Low,0,1,1,Checkout,4
5060,checkout_complete,2024-02-06,AU,Mobile,High,Organic,Low,201,1,1,Purchase,5
5576,page_view,2024-02-28,CA,Mobile,Low,Organic,High,0,1,1,Awareness,1
5576,product_view,2024-02-16,CA,Mobile,Low,Organic,High,0,1,1,Consideration,2
5576,add_to_cart,2024-02-21,CA,Mobile,Low,Organic,High,0,1,1,Intent,3
5576,checkout_start,2024-01-17,CA,Mobile,Low,Organic,High,0,1,1,Checkout,4
5576,checkout_complete,2024-01-04,CA,Mobile,Low,Organic,High,41,1,1,Purchase,5
5631,page_view,2024-02-11,US,Mobile,Low,Paid,High,0,1,1,Awareness,1
5631,product_view,2024-02-03,US,Mobile,Low,Paid,High,0,1,1,Consideration,2
5631,add_to_cart,2024-02-01,US,Mobile,Low,Paid,High,0,1,1,Intent,3
5631,checkout_start,2024-02-14,US,Mobile,Low,Paid,High,0,1,1,Checkout,4
5631,checkout_complete,2024-02-27,US,Mobile,Low,Paid,High,70,1,1,Purchase,5
5431,page_view,2024-01-24,AU,Mobile,High,Organic,High,0,1,1,Awareness,1
5431,product_view,2024-02-04,AU,Mobile,High,Organic,High,0,1,1,Consideration,2
5431,add_to_cart,2024-01-13,AU,Mobile,High,Organic,High,0,1,1,Intent,3
5431,checkout_start,2024-02-16,AU,Mobile,High,Organic,High,0,1,1,Checkout,4
5431,checkout_complete,2024-01-11,AU,Mobile,High,Organic,High,177,1,1,Purchase,5
5603,page_view,2024-02-06,CA,Desktop,High,Paid,Medium,0,1,1,Awareness,1
5603,product_view,2024-02-08,CA,Desktop,High,Paid,Medium,0,1,1,Consideration,2
5603,add_to_cart,2024-01-21,CA,Desktop,High,Paid,Medium,0,1,1,Intent,3
5603,checkout_start,2024-01-08,CA,Desktop,High,Paid,Medium,0,1,1,Checkout,4
5603,checkout_complete,2024-01-05,CA,Desktop,High,Paid,Medium,107,1,1,Purchase,5
5442,page_view,2024-02-16,CA,Mobile,Medium,Paid,Medium,0,1,1,Awareness,1
5442,product_view,2024-01-12,CA,Mobile,Medium,Paid,Medium,0,1,1,Consideration,2
5442,add_to_cart,2024-02-23,CA,Mobile,Medium,Paid,Medium,0,1,1,Intent,3
5442,checkout_start,2024-01-21,CA,Mobile,Medium,Paid,Medium,0,1,1,Checkout,4
5442,checkout_complete,2024-02-08,CA,Mobile,Medium,Paid,Medium,50,1,1,Purchase,5
5436,page_view,2024-01-26,AU,Mobile,High,Paid,Low,0,0,0,Awareness,1
5436,product_view,2024-02-17,AU,Mobile,High,Paid,Low,0,0,0,Consideration,2
5436,add_to_cart,2024-02-13,AU,Mobile,High,Paid,Low,0,0,0,Intent,3
5436,checkout_start,2024-02-13,AU,Mobile,High,Paid,Low,0,0,0,Checkout,4
5436,checkout_complete,2024-02-01,AU,Mobile,High,Paid,Low,131,0,0,Purchase,5
5247,page_view,2024-01-11,AU,Mobile,Medium,Organic,Low,0,1,1,Awareness,1
5247,product_view,2024-02-26,AU,Mobile,Medium,Organic,Low,0,1,1,Consideration,2
5247,add_to_cart,2024-02-20,AU,Mobile,Medium,Organic,Low,0,1,1,Intent,3
5247,checkout_start,2024-02-19,AU,Mobile,Medium,Organic,Low,0,1,1,Checkout,4
5247,checkout_complete,2024-02-20,AU,Mobile,Medium,Organic,Low,120,1,1,Purchase,5
5586,page_view,2024-02-17,AU,Desktop,Low,Paid,High,0,1,0,Awareness,1
5586,product_view,2024-01-09,AU,Desktop,Low,Paid,High,0,1,0,Consideration,2
5586,add_to_cart,2024-01-08,AU,Desktop,Low,Paid,High,0,1,0,Intent,3
5586,checkout_start,2024-02-21,AU,Desktop,Low,Paid,High,0,1,0,Checkout,4
5586,checkout_complete,2024-01-17,AU,Desktop,Low,Paid,High,64,1,0,Purchase,5
5569,page_view,2024-02-15,AU,Mobile,Medium,Organic,High,0,1,1,Awareness,1
5569,product_view,2024-01-31,AU,Mobile,Medium,Organic,High,0,1,1,Consideration,2
5569,add_to_cart,2024-02-24,AU,Mobile,Medium,Organic,High,0,1,1,Intent,3
5569,checkout_start,2024-01-16,AU,Mobile,Medium,Organic,High,0,1,1,Checkout,4
5569,checkout_complete,2024-01-22,AU,Mobile,Medium,Organic,High,135,1,1,Purchase,5
5090,page_view,2024-02-10,UK,Mobile,Medium,Paid,Medium,0,1,0,Awareness,1
5090,product_view,2024-01-24,UK,Mobile,Medium,Paid,Medium,0,1,0,Consideration,2
5090,add_to_cart,2024-02-04,UK,Mobile,Medium,Paid,Medium,0,1,0,Intent,3
5090,checkout_start,2024-02-25,UK,Mobile,Medium,Paid,Medium,0,1,0,Checkout,4
5090,checkout_complete,2024-02-26,UK,Mobile,Medium,Paid,Medium,69,1,0,Purchase,5
5650,page_view,2024-01-01,UK,Desktop,Low,Referral,High,0,1,1,Awareness,1
5650,product_view,2024-02-05,UK,Desktop,Low,Referral,High,0,1,1,Consideration,2
5650,add_to_cart,2024-01-25,UK,Desktop,Low,Referral,High,0,1,1,Intent,3
5650,checkout_start,2024-02-06,UK,Desktop,Low,Referral,High,0,1,1,Checkout,4
5650,checkout_complete,2024-01-15,UK,Desktop,Low,Referral,High,20,1,1,Purchase,5
5181,page_view,2024-02-09,US,Desktop,High,Paid,High,0,0,0,Awareness,1
5181,product_view,2024-01-23,US,Desktop,High,Paid,High,0,0,0,Consideration,2
5181,add_to_cart,2024-01-09,US,Desktop,High,Paid,High,0,0,0,Intent,3
5181,checkout_start,2024-02-03,US,Desktop,High,Paid,High,0,0,0,Checkout,4
5181,checkout_complete,2024-01-04,US,Desktop,High,Paid,High,207,0,0,Purchase,5
5790,page_view,2024-02-14,CA,Mobile,Medium,Organic,Medium,0,1,0,Awareness,1
5790,product_view,2024-01-19,CA,Mobile,Medium,Organic,Medium,0,1,0,Consideration,2
5790,add_to_cart,2024-02-28,CA,Mobile,Medium,Organic,Medium,0,1,0,Intent,3
5790,checkout_start,2024-02-07,CA,Mobile,Medium,Organic,Medium,0,1,0,Checkout,4
5790,checkout_complete,2024-01-02,CA,Mobile,Medium,Organic,Medium,55,1,0,Purchase,5
5554,page_view,2024-02-25,UK,Mobile,High,Paid,Medium,0,1,0,Awareness,1
5554,product_view,2024-02-16,UK,Mobile,High,Paid,Medium,0,1,0,Consideration,2
5554,add_to_cart,2024-01-31,UK,Mobile,High,Paid,Medium,0,1,0,Intent,3
5554,checkout_start,2024-02-29,UK,Mobile,High,Paid,Medium,0,1,0,Checkout,4
5554,checkout_complete,2024-02-08,UK,Mobile,High,Paid,Medium,113,1,0,Purchase,5
5290,page_view,2024-01-01,AU,Mobile,Medium,Organic,High,0,1,0,Awareness,1
5290,product_view,2024-01-17,AU,Mobile,Medium,Organic,High,0,1,0,Consideration,2
5290,add_to_cart,2024-02-10,AU,Mobile,Medium,Organic,High,0,1,0,Intent,3
5290,checkout_start,2024-01-30,AU,Mobile,Medium,Organic,High,0,1,0,Checkout,4
5158,page_view,2024-02-01,US,Mobile,Low,Paid,High,0,1,0,Awareness,1
5158,product_view,2024-01-10,US,Mobile,Low,Paid,High,0,1,0,Consideration,2
5158,add_to_cart,2024-01-10,US,Mobile,Low,Paid,High,0,1,0,Intent,3
5158,checkout_start,2024-02-05,US,Mobile,Low,Paid,High,0,1,0,Checkout,4
5069,page_view,2024-01-15,AU,Mobile,Medium,Organic,Medium,0,1,1,Awareness,1
5069,product_view,2024-01-22,AU,Mobile,Medium,Organic,Medium,0,1,1,Consideration,2
5069,add_to_cart,2024-01-30,AU,Mobile,Medium,Organic,Medium,0,1,1,Intent,3
5069,checkout_start,2024-01-04,AU,Mobile,Medium,Organic,Medium,0,1,1,Checkout,4
5517,page_view,2024-01-11,UK,Mobile,High,Paid,Low,0,0,0,Awareness,1
5517,product_view,2024-02-10,UK,Mobile,High,Paid,Low,0,0,0,Consideration,2
5517,add_to_cart,2024-01-12,UK,Mobile,High,Paid,Low,0,0,0,Intent,3
5517,checkout_start,2024-02-18,UK,Mobile,High,Paid,Low,0,0,0,Checkout,4
5131,page_view,2024-01-24,UK,Desktop,Medium,Organic,Medium,0,1,0,Awareness,1
5131,product_view,2024-02-19,UK,Desktop,Medium,Organic,Medium,0,1,0,Consideration,2
5131,add_to_cart,2024-01-08,UK,Desktop,Medium,Organic,Medium,0,1,0,Intent,3
5131,checkout_start,2024-02-10,UK,Desktop,Medium,Organic,Medium,0,1,0,Checkout,4
5044,page_view,2024-01-27,AU,Mobile,Medium,Referral,Low,0,1,1,Awareness,1
5044,product_view,2024-02-03,AU,Mobile,Medium,Referral,Low,0,1,1,Consideration,2
5044,add_to_cart,2024-02-13,AU,Mobile,Medium,Referral,Low,0,1,1,Intent,3
5044,checkout_start,2024-01-04,AU,Mobile,Medium,Referral,Low,0,1,1,Checkout,4
5070,page_view,2024-01-17,US,Mobile,Low,Referral,Low,0,0,0,Awareness,1
5070,product_view,2024-02-27,US,Mobile,Low,Referral,Low,0,0,0,Consideration,2
5070,add_to_cart,2024-01-23,US,Mobile,Low,Referral,Low,0,0,0,Intent,3
5070,checkout_start,2024-01-26,US,Mobile,Low,Referral,Low,0,0,0,Checkout,4
5691,page_view,2024-01-13,US,Desktop,Medium,Referral,Low,0,1,0,Awareness,1
5691,product_view,2024-02-06,US,Desktop,Medium,Referral,Low,0,1,0,Consideration,2
5691,add_to_cart,2024-02-02,US,Desktop,Medium,Referral,Low,0,1,0,Intent,3
5691,checkout_start,2024-01-24,US,Desktop,Medium,Referral,Low,0,1,0,Checkout,4
5355,page_view,2024-02-06,CA,Tablet,Low,Referral,Low,0,1,0,Awareness,1
5355,product_view,2024-02-11,CA,Tablet,Low,Referral,Low,0,1,0,Consideration,2
5355,add_to_cart,2024-01-17,CA,Tablet,Low,Referral,Low,0,1,0,Intent,3
5355,checkout_start,2024-02-06,CA,Tablet,Low,Referral,Low,0,1,0,Checkout,4
5444,page_view,2024-02-13,AU,Mobile,Medium,Organic,Medium,0,1,1,Awareness,1
5444,product_view,2024-02-10,AU,Mobile,Medium,Organic,Medium,0,1,1,Consideration,2
5444,add_to_cart,2024-02-29,AU,Mobile,Medium,Organic,Medium,0,1,1,Intent,3
5444,checkout_start,2024-01-07,AU,Mobile,Medium,Organic,Medium,0,1,1,Checkout,4
5761,page_view,2024-02-23,US,Mobile,Low,Paid,Medium,0,1,0,Awareness,1
5761,product_view,2024-02-25,US,Mobile,Low,Paid,Medium,0,1,0,Consideration,2
5761,add_to_cart,2024-01-22,US,Mobile,Low,Paid,Medium,0,1,0,Intent,3
5761,checkout_start,2024-02-02,US,Mobile,Low,Paid,Medium,0,1,0,Checkout,4
5135,page_view,2024-01-28,US,Mobile,Low,Paid,Low,0,1,0,Awareness,1
5135,product_view,2024-01-06,US,Mobile,Low,Paid,Low,0,1,0,Consideration,2
5135,add_to_cart,2024-02-13,US,Mobile,Low,Paid,Low,0,1,0,Intent,3
5135,checkout_start,2024-02-13,US,Mobile,Low,Paid,Low,0,1,0,Checkout,4
5082,page_view,2024-02-18,UK,Mobile,Medium,Paid,Low,0,1,0,Awareness,1
5082,product_view,2024-02-23,UK,Mobile,Medium,Paid,Low,0,1,0,Consideration,2
5082,add_to_cart,2024-02-23,UK,Mobile,Medium,Paid,Low,0,1,0,Intent,3
5082,checkout_start,2024-01-10,UK,Mobile,Medium,Paid,Low,0,1,0,Checkout,4
5165,page_view,2024-02-05,UK,Mobile,Medium,Organic,Low,0,1,1,Awareness,1
5165,product_view,2024-01-14,UK,Mobile,Medium,Organic,Low,0,1,1,Consideration,2
5165,add_to_cart,2024-01-10,UK,Mobile,Medium,Organic,Low,0,1,1,Intent,3
5165,checkout_start,2024-02-04,UK,Mobile,Medium,Organic,Low,0,1,1,Checkout,4
5164,page_view,2024-02-27,US,Tablet,Medium,Paid,Low,0,1,0,Awareness,1
5164,product_view,2024-02-29,US,Tablet,Medium,Paid,Low,0,1,0,Consideration,2
5164,add_to_cart,2024-01-26,US,Tablet,Medium,Paid,Low,0,1,0,Intent,3
5164,checkout_start,2024-02-07,US,Tablet,Medium,Paid,Low,0,1,0,Checkout,4
5028,page_view,2024-02-22,AU,Desktop,Low,Paid,Medium,0,0,1,Awareness,1
5028,product_view,2024-02-11,AU,Desktop,Low,Paid,Medium,0,0,1,Consideration,2
5028,add_to_cart,2024-02-28,AU,Desktop,Low,Paid,Medium,0,0,1,Intent,3
5028,checkout_start,2024-02-16,AU,Desktop,Low,Paid,Medium,0,0,1,Checkout,4
5448,page_view,2024-01-07,UK,Mobile,Low,Organic,Low,0,1,0,Awareness,1
5448,product_view,2024-02-21,UK,Mobile,Low,Organic,Low,0,1,0,Consideration,2
5448,add_to_cart,2024-02-26,UK,Mobile,Low,Organic,Low,0,1,0,Intent,3
5448,checkout_start,2024-01-12,UK,Mobile,Low,Organic,Low,0,1,0,Checkout,4
5193,page_view,2024-01-08,AU,Mobile,High,Organic,High,0,1,0,Awareness,1
5193,product_view,2024-02-02,AU,Mobile,High,Organic,High,0,1,0,Consideration,2
5193,add_to_cart,2024-01-23,AU,Mobile,High,Organic,High,0,1,0,Intent,3
5193,checkout_start,2024-01-25,AU,Mobile,High,Organic,High,0,1,0,Checkout,4
5239,page_view,2024-01-28,CA,Mobile,High,Organic,Low,0,1,1,Awareness,1
5239,product_view,2024-01-13,CA,Mobile,High,Organic,Low,0,1,1,Consideration,2
5239,add_to_cart,2024-01-15,CA,Mobile,High,Organic,Low,0,1,1,Intent,3
5239,checkout_start,2024-02-29,CA,Mobile,High,Organic,Low,0,1,1,Checkout,4
5724,page_view,2024-01-11,UK,Tablet,Medium,Organic,Low,0,1,0,Awareness,1
5724,product_view,2024-01-15,UK,Tablet,Medium,Organic,Low,0,1,0,Consideration,2
5724,add_to_cart,2024-02-01,UK,Tablet,Medium,Organic,Low,0,1,0,Intent,3
5724,checkout_start,2024-01-28,UK,Tablet,Medium,Organic,Low,0,1,0,Checkout,4
5730,page_view,2024-02-14,UK,Mobile,Low,Organic,Low,0,1,0,Awareness,1
5730,product_view,2024-01-19,UK,Mobile,Low,Organic,Low,0,1,0,Consideration,2
5730,add_to_cart,2024-01-11,UK,Mobile,Low,Organic,Low,0,1,0,Intent,3
5730,checkout_start,2024-01-13,UK,Mobile,Low,Organic,Low,0,1,0,Checkout,4
5136,page_view,2024-02-07,CA,Mobile,Low,Paid,Medium,0,0,0,Awareness,1
5136,product_view,2024-01-24,CA,Mobile,Low,Paid,Medium,0,0,0,Consideration,2
5136,add_to_cart,2024-02-23,CA,Mobile,Low,Paid,Medium,0,0,0,Intent,3
5136,checkout_start,2024-02-29,CA,Mobile,Low,Paid,Medium,0,0,0,Checkout,4
5664,page_view,2024-01-11,UK,Mobile,Medium,Organic,Low,0,1,0,Awareness,1
5664,product_view,2024-02-25,UK,Mobile,Medium,Organic,Low,0,1,0,Consideration,2
5664,add_to_cart,2024-02-23,UK,Mobile,Medium,Organic,Low,0,1,0,Intent,3
5664,checkout_start,2024-02-02,UK,Mobile,Medium,Organic,Low,0,1,0,Checkout,4
5311,page_view,2024-01-22,CA,Mobile,Low,Paid,High,0,0,0,Awareness,1
5311,product_view,2024-01-18,CA,Mobile,Low,Paid,High,0,0,0,Consideration,2
5311,add_to_cart,2024-01-14,CA,Mobile,Low,Paid,High,0,0,0,Intent,3
5311,checkout_start,2024-01-10,CA,Mobile,Low,Paid,High,0,0,0,Checkout,4
5140,page_view,2024-02-02,CA,Mobile,High,Paid,Medium,0,1,1,Awareness,1
5140,product_view,2024-01-17,CA,Mobile,High,Paid,Medium,0,1,1,Consideration,2
5140,add_to_cart,2024-02-17,CA,Mobile,High,Paid,Medium,0,1,1,Intent,3
5140,checkout_start,2024-01-11,CA,Mobile,High,Paid,Medium,0,1,1,Checkout,4
5473,page_view,2024-02-25,AU,Desktop,Low,Referral,Low,0,1,0,Awareness,1
5473,product_view,2024-02-28,AU,Desktop,Low,Referral,Low,0,1,0,Consideration,2
5473,add_to_cart,2024-01-26,AU,Desktop,Low,Referral,Low,0,1,0,Intent,3
5473,checkout_start,2024-02-26,AU,Desktop,Low,Referral,Low,0,1,0,Checkout,4
5006,page_view,2024-01-04,UK,Mobile,High,Paid,Low,0,1,0,Awareness,1
5006,product_view,2024-02-13,UK,Mobile,High,Paid,Low,0,1,0,Consideration,2
5006,add_to_cart,2024-02-20,UK,Mobile,High,Paid,Low,0,1,0,Intent,3
5006,checkout_start,2024-01-29,UK,Mobile,High,Paid,Low,0,1,0,Checkout,4
5728,page_view,2024-02-11,CA,Mobile,Low,Referral,High,0,0,1,Awareness,1
5728,product_view,2024-01-08,CA,Mobile,Low,Referral,High,0,0,1,Consideration,2
5728,add_to_cart,2024-01-30,CA,Mobile,Low,Referral,High,0,0,1,Intent,3
5728,checkout_start,2024-02-01,CA,Mobile,Low,Referral,High,0,0,1,Checkout,4
5755,page_view,2024-01-22,CA,Desktop,Medium,Organic,Low,0,1,0,Awareness,1
5755,product_view,2024-02-13,CA,Desktop,Medium,Organic,Low,0,1,0,Consideration,2
5755,add_to_cart,2024-01-09,CA,Desktop,Medium,Organic,Low,0,1,0,Intent,3
5755,checkout_start,2024-02-06,CA,Desktop,Medium,Organic,Low,0,1,0,Checkout,4
5073,page_view,2024-02-09,AU,Mobile,High,Organic,High,0,1,0,Awareness,1
5073,product_view,2024-01-02,AU,Mobile,High,Organic,High,0,1,0,Consideration,2
5073,add_to_cart,2024-02-24,AU,Mobile,High,Organic,High,0,1,0,Intent,3
5073,checkout_start,2024-01-08,AU,Mobile,High,Organic,High,0,1,0,Checkout,4
5559,page_view,2024-01-09,CA,Mobile,Low,Organic,Medium,0,1,1,Awareness,1
5559,product_view,2024-02-23,CA,Mobile,Low,Organic,Medium,0,1,1,Consideration,2
5559,add_to_cart,2024-02-25,CA,Mobile,Low,Organic,Medium,0,1,1,Intent,3
5559,checkout_start,2024-02-24,CA,Mobile,Low,Organic,Medium,0,1,1,Checkout,4
5299,page_view,2024-01-30,AU,Mobile,Low,Referral,Medium,0,1,1,Awareness,1
5299,product_view,2024-02-04,AU,Mobile,Low,Referral,Medium,0,1,1,Consideration,2
5299,add_to_cart,2024-02-04,AU,Mobile,Low,Referral,Medium,0,1,1,Intent,3
5299,checkout_start,2024-02-18,AU,Mobile,Low,Referral,Medium,0,1,1,Checkout,4
5145,page_view,2024-01-04,US,Desktop,Medium,Organic,Low,0,1,1,Awareness,1
5145,product_view,2024-01-01,US,Desktop,Medium,Organic,Low,0,1,1,Consideration,2
5145,add_to_cart,2024-02-19,US,Desktop,Medium,Organic,Low,0,1,1,Intent,3
5145,checkout_start,2024-01-01,US,Desktop,Medium,Organic,Low,0,1,1,Checkout,4
5292,page_view,2024-01-01,AU,Mobile,High,Referral,High,0,0,1,Awareness,1
5292,product_view,2024-01-17,AU,Mobile,High,Referral,High,0,0,1,Consideration,2
5292,add_to_cart,2024-01-22,AU,Mobile,High,Referral,High,0,0,1,Intent,3
5292,checkout_start,2024-02-03,AU,Mobile,High,Referral,High,0,0,1,Checkout,4
5234,page_view,2024-01-26,AU,Mobile,Medium,Organic,Medium,0,1,0,Awareness,1
5234,product_view,2024-02-20,AU,Mobile,Medium,Organic,Medium,0,1,0,Consideration,2
5234,add_to_cart,2024-01-19,AU,Mobile,Medium,Organic,Medium,0,1,0,Intent,3
5234,checkout_start,2024-02-14,AU,Mobile,Medium,Organic,Medium,0,1,0,Checkout,4
5220,page_view,2024-01-20,CA,Desktop,Medium,Referral,Medium,0,0,0,Awareness,1
5220,product_view,2024-01-15,CA,Desktop,Medium,Referral,Medium,0,0,0,Consideration,2
5220,add_to_cart,2024-02-19,CA,Desktop,Medium,Referral,Medium,0,0,0,Intent,3
5220,checkout_start,2024-02-21,CA,Desktop,Medium,Referral,Medium,0,0,0,Checkout,4
5450,page_view,2024-01-04,AU,Mobile,High,Organic,High,0,1,1,Awareness,1
5450,product_view,2024-02-27,AU,Mobile,High,Organic,High,0,1,1,Consideration,2
5450,add_to_cart,2024-01-15,AU,Mobile,High,Organic,High,0,1,1,Intent,3
5450,checkout_start,2024-02-04,AU,Mobile,High,Organic,High,0,1,1,Checkout,4
5380,page_view,2024-01-24,AU,Desktop,Medium,Paid,Low,0,1,0,Awareness,1
5380,product_view,2024-02-11,AU,Desktop,Medium,Paid,Low,0,1,0,Consideration,2
5380,add_to_cart,2024-01-04,AU,Desktop,Medium,Paid,Low,0,1,0,Intent,3
5380,checkout_start,2024-01-03,AU,Desktop,Medium,Paid,Low,0,1,0,Checkout,4
5132,page_view,2024-02-10,US,Mobile,Medium,Paid,Medium,0,1,1,Awareness,1
5132,product_view,2024-02-26,US,Mobile,Medium,Paid,Medium,0,1,1,Consideration,2
5132,add_to_cart,2024-02-26,US,Mobile,Medium,Paid,Medium,0,1,1,Intent,3
5132,checkout_start,2024-02-29,US,Mobile,Medium,Paid,Medium,0,1,1,Checkout,4
5375,page_view,2024-02-20,UK,Mobile,Medium,Organic,Low,0,1,1,Awareness,1
5375,product_view,2024-01-22,UK,Mobile,Medium,Organic,Low,0,1,1,Consideration,2
5375,add_to_cart,2024-02-16,UK,Mobile,Medium,Organic,Low,0,1,1,Intent,3
5375,checkout_start,2024-01-04,UK,Mobile,Medium,Organic,Low,0,1,1,Checkout,4
5404,page_view,2024-01-30,CA,Desktop,Low,Organic,Medium,0,0,0,Awareness,1
5404,product_view,2024-02-06,CA,Desktop,Low,Organic,Medium,0,0,0,Consideration,2
5404,add_to_cart,2024-01-25,CA,Desktop,Low,Organic,Medium,0,0,0,Intent,3
5404,checkout_start,2024-02-17,CA,Desktop,Low,Organic,Medium,0,0,0,Checkout,4
5522,page_view,2024-01-22,UK,Mobile,Low,Organic,High,0,1,1,Awareness,1
5522,product_view,2024-01-21,UK,Mobile,Low,Organic,High,0,1,1,Consideration,2
5522,add_to_cart,2024-02-23,UK,Mobile,Low,Organic,High,0,1,1,Intent,3
5522,checkout_start,2024-01-21,UK,Mobile,Low,Organic,High,0,1,1,Checkout,4
5749,page_view,2024-01-09,CA,Mobile,High,Organic,Medium,0,1,0,Awareness,1
5749,product_view,2024-01-17,CA,Mobile,High,Organic,Medium,0,1,0,Consideration,2
5749,add_to_cart,2024-01-11,CA,Mobile,High,Organic,Medium,0,1,0,Intent,3
5749,checkout_start,2024-02-01,CA,Mobile,High,Organic,Medium,0,1,0,Checkout,4
5426,page_view,2024-02-18,AU,Tablet,High,Organic,Medium,0,1,0,Awareness,1
5426,product_view,2024-01-01,AU,Tablet,High,Organic,Medium,0,1,0,Consideration,2
5426,add_to_cart,2024-01-25,AU,Tablet,High,Organic,Medium,0,1,0,Intent,3
5426,checkout_start,2024-02-20,AU,Tablet,High,Organic,Medium,0,1,0,Checkout,4
5041,page_view,2024-02-16,AU,Mobile,Medium,Referral,Low,0,1,0,Awareness,1
5041,product_view,2024-01-23,AU,Mobile,Medium,Referral,Low,0,1,0,Consideration,2
5041,add_to_cart,2024-02-27,AU,Mobile,Medium,Referral,Low,0,1,0,Intent,3
5041,checkout_start,2024-02-08,AU,Mobile,Medium,Referral,Low,0,1,0,Checkout,4
5495,page_view,2024-02-21,UK,Desktop,Low,Organic,Low,0,1,1,Awareness,1
5495,product_view,2024-02-22,UK,Desktop,Low,Organic,Low,0,1,1,Consideration,2
5495,add_to_cart,2024-01-03,UK,Desktop,Low,Organic,Low,0,1,1,Intent,3
5495,checkout_start,2024-01-17,UK,Desktop,Low,Organic,Low,0,1,1,Checkout,4
5108,page_view,2024-02-05,CA,Mobile,Low,Paid,Medium,0,1,0,Awareness,1
5108,product_view,2024-02-01,CA,Mobile,Low,Paid,Medium,0,1,0,Consideration,2
5108,add_to_cart,2024-02-01,CA,Mobile,Low,Paid,Medium,0,1,0,Intent,3
5108,checkout_start,2024-01-04,CA,Mobile,Low,Paid,Medium,0,1,0,Checkout,4
5344,page_view,2024-02-24,AU,Mobile,Medium,Organic,High,0,1,0,Awareness,1
5344,product_view,2024-01-04,AU,Mobile,Medium,Organic,High,0,1,0,Consideration,2
5344,add_to_cart,2024-01-24,AU,Mobile,Medium,Organic,High,0,1,0,Intent,3
5344,checkout_start,2024-02-28,AU,Mobile,Medium,Organic,High,0,1,0,Checkout,4
5056,page_view,2024-01-06,US,Tablet,Medium,Paid,Low,0,1,0,Awareness,1
5056,product_view,2024-02-09,US,Tablet,Medium,Paid,Low,0,1,0,Consideration,2
5056,add_to_cart,2024-01-13,US,Tablet,Medium,Paid,Low,0,1,0,Intent,3
5056,checkout_start,2024-02-17,US,Tablet,Medium,Paid,Low,0,1,0,Checkout,4
5259,page_view,2024-02-13,AU,Mobile,Low,Paid,High,0,0,0,Awareness,1
5259,product_view,2024-01-23,AU,Mobile,Low,Paid,High,0,0,0,Consideration,2
5259,add_to_cart,2024-01-02,AU,Mobile,Low,Paid,High,0,0,0,Intent,3
5259,checkout_start,2024-02-25,AU,Mobile,Low,Paid,High,0,0,0,Checkout,4
5479,page_view,2024-01-19,AU,Mobile,Low,Paid,Medium,0,1,0,Awareness,1
5479,product_view,2024-02-20,AU,Mobile,Low,Paid,Medium,0,1,0,Consideration,2
5479,add_to_cart,2024-01-18,AU,Mobile,Low,Paid,Medium,0,1,0,Intent,3
5479,checkout_start,2024-02-21,AU,Mobile,Low,Paid,Medium,0,1,0,Checkout,4
5625,page_view,2024-01-06,US,Mobile,Medium,Organic,Low,0,1,1,Awareness,1
5625,product_view,2024-02-02,US,Mobile,Medium,Organic,Low,0,1,1,Consideration,2
5625,add_to_cart,2024-01-05,US,Mobile,Medium,Organic,Low,0,1,1,Intent,3
5625,checkout_start,2024-02-26,US,Mobile,Medium,Organic,Low,0,1,1,Checkout,4
5227,page_view,2024-01-05,AU,Desktop,Low,Paid,Low,0,1,0,Awareness,1
5227,product_view,2024-02-28,AU,Desktop,Low,Paid,Low,0,1,0,Consideration,2
5227,add_to_cart,2024-01-02,AU,Desktop,Low,Paid,Low,0,1,0,Intent,3
5227,checkout_start,2024-01-30,AU,Desktop,Low,Paid,Low,0,1,0,Checkout,4
5212,page_view,2024-02-23,US,Desktop,Medium,Referral,Medium,0,1,0,Awareness,1
5212,product_view,2024-01-29,US,Desktop,Medium,Referral,Medium,0,1,0,Consideration,2
5212,add_to_cart,2024-02-25,US,Desktop,Medium,Referral,Medium,0,1,0,Intent,3
5212,checkout_start,2024-01-20,US,Desktop,Medium,Referral,Medium,0,1,0,Checkout,4
5593,page_view,2024-01-02,UK,Tablet,High,Organic,Low,0,1,0,Awareness,1
5593,product_view,2024-01-06,UK,Tablet,High,Organic,Low,0,1,0,Consideration,2
5593,add_to_cart,2024-02-27,UK,Tablet,High,Organic,Low,0,1,0,Intent,3
5593,checkout_start,2024-01-05,UK,Tablet,High,Organic,Low,0,1,0,Checkout,4
5332,page_view,2024-02-28,UK,Desktop,Low,Paid,Medium,0,1,1,Awareness,1
5332,product_view,2024-01-03,UK,Desktop,Low,Paid,Medium,0,1,1,Consideration,2
5332,add_to_cart,2024-01-10,UK,Desktop,Low,Paid,Medium,0,1,1,Intent,3
5332,checkout_start,2024-02-03,UK,Desktop,Low,Paid,Medium,0,1,1,Checkout,4
5024,page_view,2024-01-27,AU,Mobile,Medium,Organic,Medium,0,1,0,Awareness,1
5024,product_view,2024-01-29,AU,Mobile,Medium,Organic,Medium,0,1,0,Consideration,2
5024,add_to_cart,2024-02-16,AU,Mobile,Medium,Organic,Medium,0,1,0,Intent,3
5024,checkout_start,2024-02-07,AU,Mobile,Medium,Organic,Medium,0,1,0,Checkout,4
5780,page_view,2024-02-03,AU,Mobile,High,Paid,Medium,0,1,1,Awareness,1
5780,product_view,2024-01-22,AU,Mobile,High,Paid,Medium,0,1,1,Consideration,2
5780,add_to_cart,2024-01-03,AU,Mobile,High,Paid,Medium,0,1,1,Intent,3
5780,checkout_start,2024-01-06,AU,Mobile,High,Paid,Medium,0,1,1,Checkout,4
5351,page_view,2024-01-02,US,Desktop,High,Paid,Medium,0,1,1,Awareness,1
5351,product_view,2024-01-29,US,Desktop,High,Paid,Medium,0,1,1,Consideration,2
5351,add_to_cart,2024-01-04,US,Desktop,High,Paid,Medium,0,1,1,Intent,3
5351,checkout_start,2024-01-01,US,Desktop,High,Paid,Medium,0,1,1,Checkout,4
5356,page_view,2024-01-22,US,Tablet,High,Paid,Medium,0,0,1,Awareness,1
5356,product_view,2024-02-05,US,Tablet,High,Paid,Medium,0,0,1,Consideration,2
5356,add_to_cart,2024-02-03,US,Tablet,High,Paid,Medium,0,0,1,Intent,3
5356,checkout_start,2024-01-30,US,Tablet,High,Paid,Medium,0,0,1,Checkout,4
5051,page_view,2024-01-10,US,Mobile,Medium,Paid,High,0,1,0,Awareness,1
5051,product_view,2024-02-05,US,Mobile,Medium,Paid,High,0,1,0,Consideration,2
5051,add_to_cart,2024-01-09,US,Mobile,Medium,Paid,High,0,1,0,Intent,3
5051,checkout_start,2024-02-14,US,Mobile,Medium,Paid,High,0,1,0,Checkout,4
5331,page_view,2024-02-04,UK,Tablet,Medium,Paid,Low,0,1,1,Awareness,1
5331,product_view,2024-02-21,UK,Tablet,Medium,Paid,Low,0,1,1,Consideration,2
5331,add_to_cart,2024-02-28,UK,Tablet,Medium,Paid,Low,0,1,1,Intent,3
5331,checkout_start,2024-01-21,UK,Tablet,Medium,Paid,Low,0,1,1,Checkout,4
5733,page_view,2024-01-28,CA,Desktop,Low,Paid,Medium,0,1,0,Awareness,1
5733,product_view,2024-01-17,CA,Desktop,Low,Paid,Medium,0,1,0,Consideration,2
5733,add_to_cart,2024-02-12,CA,Desktop,Low,Paid,Medium,0,1,0,Intent,3
5733,checkout_start,2024-02-26,CA,Desktop,Low,Paid,Medium,0,1,0,Checkout,4
5629,page_view,2024-02-16,US,Mobile,Medium,Paid,Low,0,0,0,Awareness,1
5629,product_view,2024-02-02,US,Mobile,Medium,Paid,Low,0,0,0,Consideration,2
5629,add_to_cart,2024-02-26,US,Mobile,Medium,Paid,Low,0,0,0,Intent,3
5629,checkout_start,2024-02-15,US,Mobile,Medium,Paid,Low,0,0,0,Checkout,4
5501,page_view,2024-01-16,AU,Mobile,High,Organic,Medium,0,1,0,Awareness,1
5501,product_view,2024-01-18,AU,Mobile,High,Organic,Medium,0,1,0,Consideration,2
5501,add_to_cart,2024-01-30,AU,Mobile,High,Organic,Medium,0,1,0,Intent,3
5501,checkout_start,2024-02-17,AU,Mobile,High,Organic,Medium,0,1,0,Checkout,4
5334,page_view,2024-01-10,CA,Desktop,Medium,Referral,High,0,1,1,Awareness,1
5334,product_view,2024-02-07,CA,Desktop,Medium,Referral,High,0,1,1,Consideration,2
5334,add_to_cart,2024-01-01,CA,Desktop,Medium,Referral,High,0,1,1,Intent,3
5334,checkout_start,2024-02-24,CA,Desktop,Medium,Referral,High,0,1,1,Checkout,4
5285,page_view,2024-02-08,CA,Desktop,Low,Paid,Medium,0,1,0,Awareness,1
5285,product_view,2024-02-18,CA,Desktop,Low,Paid,Medium,0,1,0,Consideration,2
5285,add_to_cart,2024-02-29,CA,Desktop,Low,Paid,Medium,0,1,0,Intent,3
5285,checkout_start,2024-01-28,CA,Desktop,Low,Paid,Medium,0,1,0,Checkout,4
5018,page_view,2024-02-29,UK,Desktop,Low,Referral,Medium,0,1,1,Awareness,1
5018,product_view,2024-02-07,UK,Desktop,Low,Referral,Medium,0,1,1,Consideration,2
5018,add_to_cart,2024-02-27,UK,Desktop,Low,Referral,Medium,0,1,1,Intent,3
5018,checkout_start,2024-02-09,UK,Desktop,Low,Referral,Medium,0,1,1,Checkout,4
5584,page_view,2024-02-27,US,Desktop,Medium,Paid,Medium,0,1,0,Awareness,1
5584,product_view,2024-02-26,US,Desktop,Medium,Paid,Medium,0,1,0,Consideration,2
5584,add_to_cart,2024-01-13,US,Desktop,Medium,Paid,Medium,0,1,0,Intent,3
5584,checkout_start,2024-01-04,US,Desktop,Medium,Paid,Medium,0,1,0,Checkout,4
5748,page_view,2024-01-14,CA,Mobile,Medium,Paid,High,0,1,0,Awareness,1
5748,product_view,2024-02-07,CA,Mobile,Medium,Paid,High,0,1,0,Consideration,2
5748,add_to_cart,2024-02-19,CA,Mobile,Medium,Paid,High,0,1,0,Intent,3
5748,checkout_start,2024-02-26,CA,Mobile,Medium,Paid,High,0,1,0,Checkout,4
5083,page_view,2024-01-03,AU,Mobile,High,Organic,High,0,0,0,Awareness,1
5083,product_view,2024-02-14,AU,Mobile,High,Organic,High,0,0,0,Consideration,2
5083,add_to_cart,2024-02-16,AU,Mobile,High,Organic,High,0,0,0,Intent,3
5083,checkout_start,2024-01-20,AU,Mobile,High,Organic,High,0,0,0,Checkout,4
5061,page_view,2024-01-21,US,Mobile,Medium,Referral,Low,0,1,0,Awareness,1
5061,product_view,2024-02-27,US,Mobile,Medium,Referral,Low,0,1,0,Consideration,2
5061,add_to_cart,2024-02-21,US,Mobile,Medium,Referral,Low,0,1,0,Intent,3
5061,checkout_start,2024-01-24,US,Mobile,Medium,Referral,Low,0,1,0,Checkout,4
5462,page_view,2024-02-27,AU,Desktop,Low,Organic,High,0,1,1,Awareness,1
5462,product_view,2024-02-08,AU,Desktop,Low,Organic,High,0,1,1,Consideration,2
5462,add_to_cart,2024-01-16,AU,Desktop,Low,Organic,High,0,1,1,Intent,3
5462,checkout_start,2024-02-02,AU,Desktop,Low,Organic,High,0,1,1,Checkout,4
5291,page_view,2024-02-11,UK,Mobile,Medium,Referral,Medium,0,1,0,Awareness,1
5291,product_view,2024-01-23,UK,Mobile,Medium,Referral,Medium,0,1,0,Consideration,2
5291,add_to_cart,2024-01-17,UK,Mobile,Medium,Referral,Medium,0,1,0,Intent,3
5291,checkout_start,2024-01-12,UK,Mobile,Medium,Referral,Medium,0,1,0,Checkout,4
5447,page_view,2024-02-01,US,Mobile,Low,Paid,Low,0,1,1,Awareness,1
5447,product_view,2024-02-15,US,Mobile,Low,Paid,Low,0,1,1,Consideration,2
5447,add_to_cart,2024-02-21,US,Mobile,Low,Paid,Low,0,1,1,Intent,3
5447,checkout_start,2024-02-16,US,Mobile,Low,Paid,Low,0,1,1,Checkout,4
5182,page_view,2024-01-22,CA,Mobile,Medium,Paid,Medium,0,1,0,Awareness,1
5182,product_view,2024-02-23,CA,Mobile,Medium,Paid,Medium,0,1,0,Consideration,2
5182,add_to_cart,2024-02-02,CA,Mobile,Medium,Paid,Medium,0,1,0,Intent,3
5182,checkout_start,2024-01-30,CA,Mobile,Medium,Paid,Medium,0,1,0,Checkout,4
5549,page_view,2024-02-03,UK,Desktop,High,Organic,Low,0,1,0,Awareness,1
5549,product_view,2024-01-09,UK,Desktop,High,Organic,Low,0,1,0,Consideration,2
5549,add_to_cart,2024-02-11,UK,Desktop,High,Organic,Low,0,1,0,Intent,3
5549,checkout_start,2024-01-28,UK,Desktop,High,Organic,Low,0,1,0,Checkout,4
5500,page_view,2024-01-08,CA,Mobile,Medium,Organic,Low,0,1,0,Awareness,1
5500,product_view,2024-02-12,CA,Mobile,Medium,Organic,Low,0,1,0,Consideration,2
5500,add_to_cart,2024-01-09,CA,Mobile,Medium,Organic,Low,0,1,0,Intent,3
5500,checkout_start,2024-02-16,CA,Mobile,Medium,Organic,Low,0,1,0,Checkout,4
5223,page_view,2024-02-20,CA,Desktop,Low,Referral,Medium,0,1,0,Awareness,1
5223,product_view,2024-01-13,CA,Desktop,Low,Referral,Medium,0,1,0,Consideration,2
5223,add_to_cart,2024-02-23,CA,Desktop,Low,Referral,Medium,0,1,0,Intent,3
5223,checkout_start,2024-01-01,CA,Desktop,Low,Referral,Medium,0,1,0,Checkout,4
5424,page_view,2024-01-24,US,Desktop,Medium,Paid,Medium,0,0,1,Awareness,1
5424,product_view,2024-01-26,US,Desktop,Medium,Paid,Medium,0,0,1,Consideration,2
5424,add_to_cart,2024-01-17,US,Desktop,Medium,Paid,Medium,0,0,1,Intent,3
5424,checkout_start,2024-01-07,US,Desktop,Medium,Paid,Medium,0,0,1,Checkout,4
5467,page_view,2024-01-17,CA,Mobile,High,Paid,Medium,0,1,1,Awareness,1
5467,product_view,2024-02-12,CA,Mobile,High,Paid,Medium,0,1,1,Consideration,2
5467,add_to_cart,2024-01-25,CA,Mobile,High,Paid,Medium,0,1,1,Intent,3
5319,page_view,2024-01-28,US,Desktop,Medium,Paid,Medium,0,1,1,Awareness,1
5319,product_view,2024-01-09,US,Desktop,Medium,Paid,Medium,0,1,1,Consideration,2
5319,add_to_cart,2024-02-25,US,Desktop,Medium,Paid,Medium,0,1,1,Intent,3
5328,page_view,2024-01-14,UK,Desktop,Low,Paid,Medium,0,1,0,Awareness,1
5328,product_view,2024-01-29,UK,Desktop,Low,Paid,Medium,0,1,0,Consideration,2
5328,add_to_cart,2024-01-19,UK,Desktop,Low,Paid,Medium,0,1,0,Intent,3
5443,page_view,2024-02-20,CA,Mobile,Low,Paid,Low,0,1,0,Awareness,1
5443,product_view,2024-02-17,CA,Mobile,Low,Paid,Low,0,1,0,Consideration,2
5443,add_to_cart,2024-01-02,CA,Mobile,Low,Paid,Low,0,1,0,Intent,3
5493,page_view,2024-02-18,AU,Mobile,High,Referral,Medium,0,0,0,Awareness,1
5493,product_view,2024-02-14,AU,Mobile,High,Referral,Medium,0,0,0,Consideration,2
5493,add_to_cart,2024-01-18,AU,Mobile,High,Referral,Medium,0,0,0,Intent,3
5176,page_view,2024-01-03,CA,Mobile,Medium,Referral,High,0,1,0,Awareness,1
5176,product_view,2024-02-23,CA,Mobile,Medium,Referral,High,0,1,0,Consideration,2
5176,add_to_cart,2024-01-14,CA,Mobile,Medium,Referral,High,0,1,0,Intent,3
5676,page_view,2024-02-01,UK,Mobile,Medium,Organic,Low,0,1,0,Awareness,1
5676,product_view,2024-01-27,UK,Mobile,Medium,Organic,Low,0,1,0,Consideration,2
5676,add_to_cart,2024-01-30,UK,Mobile,Medium,Organic,Low,0,1,0,Intent,3
5363,page_view,2024-02-17,US,Mobile,High,Paid,Medium,0,1,1,Awareness,1
5363,product_view,2024-01-25,US,Mobile,High,Paid,Medium,0,1,1,Consideration,2
5363,add_to_cart,2024-02-05,US,Mobile,High,Paid,Medium,0,1,1,Intent,3
5163,page_view,2024-02-04,US,Mobile,Low,Paid,Low,0,0,0,Awareness,1
5163,product_view,2024-02-06,US,Mobile,Low,Paid,Low,0,0,0,Consideration,2
5163,add_to_cart,2024-01-19,US,Mobile,Low,Paid,Low,0,0,0,Intent,3
5248,page_view,2024-01-16,CA,Desktop,Medium,Paid,Low,0,1,1,Awareness,1
5248,product_view,2024-01-23,CA,Desktop,Medium,Paid,Low,0,1,1,Consideration,2
5248,add_to_cart,2024-01-31,CA,Desktop,Medium,Paid,Low,0,1,1,Intent,3
5518,page_view,2024-01-13,AU,Desktop,Medium,Paid,Medium,0,0,0,Awareness,1
5518,product_view,2024-01-11,AU,Desktop,Medium,Paid,Medium,0,0,0,Consideration,2
5518,add_to_cart,2024-02-23,AU,Desktop,Medium,Paid,Medium,0,0,0,Intent,3
5710,page_view,2024-02-13,US,Mobile,Medium,Paid,Low,0,1,0,Awareness,1
5710,product_view,2024-01-11,US,Mobile,Medium,Paid,Low,0,1,0,Consideration,2
5710,add_to_cart,2024-01-15,US,Mobile,Medium,Paid,Low,0,1,0,Intent,3
5074,page_view,2024-02-07,UK,Mobile,Medium,Paid,High,0,0,0,Awareness,1
5074,product_view,2024-02-26,UK,Mobile,Medium,Paid,High,0,0,0,Consideration,2
5074,add_to_cart,2024-02-16,UK,Mobile,Medium,Paid,High,0,0,0,Intent,3
5643,page_view,2024-01-13,US,Mobile,Medium,Paid,Low,0,1,0,Awareness,1
5643,product_view,2024-01-27,US,Mobile,Medium,Paid,Low,0,1,0,Consideration,2
5643,add_to_cart,2024-02-05,US,Mobile,Medium,Paid,Low,0,1,0,Intent,3
5405,page_view,2024-01-20,US,Desktop,Low,Organic,High,0,0,1,Awareness,1
5405,product_view,2024-02-27,US,Desktop,Low,Organic,High,0,0,1,Consideration,2
5405,add_to_cart,2024-02-06,US,Desktop,Low,Organic,High,0,0,1,Intent,3
5104,page_view,2024-02-04,AU,Mobile,Low,Organic,Low,0,1,0,Awareness,1
5104,product_view,2024-01-15,AU,Mobile,Low,Organic,Low,0,1,0,Consideration,2
5104,add_to_cart,2024-01-05,AU,Mobile,Low,Organic,Low,0,1,0,Intent,3
5114,page_view,2024-01-29,AU,Mobile,Medium,Referral,High,0,0,0,Awareness,1
5114,product_view,2024-01-07,AU,Mobile,Medium,Referral,High,0,0,0,Consideration,2
5114,add_to_cart,2024-02-09,AU,Mobile,Medium,Referral,High,0,0,0,Intent,3
5300,page_view,2024-01-20,AU,Mobile,Medium,Organic,Medium,0,1,1,Awareness,1
5300,product_view,2024-01-12,AU,Mobile,Medium,Organic,Medium,0,1,1,Consideration,2
5300,add_to_cart,2024-02-12,AU,Mobile,Medium,Organic,Medium,0,1,1,Intent,3
5092,page_view,2024-01-13,US,Desktop,Low,Referral,High,0,1,1,Awareness,1
5092,product_view,2024-02-18,US,Desktop,Low,Referral,High,0,1,1,Consideration,2
5092,add_to_cart,2024-02-04,US,Desktop,Low,Referral,High,0,1,1,Intent,3
5411,page_view,2024-01-22,CA,Mobile,High,Organic,Low,0,1,0,Awareness,1
5411,product_view,2024-02-07,CA,Mobile,High,Organic,Low,0,1,0,Consideration,2
5411,add_to_cart,2024-01-31,CA,Mobile,High,Organic,Low,0,1,0,Intent,3
5089,page_view,2024-01-03,AU,Mobile,Low,Paid,Low,0,1,1,Awareness,1
5089,product_view,2024-01-16,AU,Mobile,Low,Paid,Low,0,1,1,Consideration,2
5089,add_to_cart,2024-01-05,AU,Mobile,Low,Paid,Low,0,1,1,Intent,3
5528,page_view,2024-02-12,US,Mobile,Low,Paid,Medium,0,0,0,Awareness,1
5528,product_view,2024-01-25,US,Mobile,Low,Paid,Medium,0,0,0,Consideration,2
5528,add_to_cart,2024-01-20,US,Mobile,Low,Paid,Medium,0,0,0,Intent,3
5734,page_view,2024-02-20,CA,Tablet,Medium,Referral,Low,0,1,1,Awareness,1
5734,product_view,2024-01-21,CA,Tablet,Medium,Referral,Low,0,1,1,Consideration,2
5734,add_to_cart,2024-01-12,CA,Tablet,Medium,Referral,Low,0,1,1,Intent,3
5743,page_view,2024-01-18,UK,Desktop,Medium,Referral,Medium,0,1,0,Awareness,1
5743,product_view,2024-01-27,UK,Desktop,Medium,Referral,Medium,0,1,0,Consideration,2
5743,add_to_cart,2024-02-24,UK,Desktop,Medium,Referral,Medium,0,1,0,Intent,3
5575,page_view,2024-02-10,CA,Mobile,Low,Organic,Medium,0,0,0,Awareness,1
5575,product_view,2024-02-23,CA,Mobile,Low,Organic,Medium,0,0,0,Consideration,2
5575,add_to_cart,2024-01-10,CA,Mobile,Low,Organic,Medium,0,0,0,Intent,3
5497,page_view,2024-02-16,CA,Mobile,Medium,Paid,Low,0,0,0,Awareness,1
5497,product_view,2024-01-17,CA,Mobile,Medium,Paid,Low,0,0,0,Consideration,2
5497,add_to_cart,2024-01-29,CA,Mobile,Medium,Paid,Low,0,0,0,Intent,3
5494,page_view,2024-02-23,UK,Desktop,Low,Organic,Medium,0,0,0,Awareness,1
5494,product_view,2024-01-20,UK,Desktop,Low,Organic,Medium,0,0,0,Consideration,2
5494,add_to_cart,2024-01-30,UK,Desktop,Low,Organic,Medium,0,0,0,Intent,3
5011,page_view,2024-02-05,UK,Mobile,Low,Paid,Low,0,1,1,Awareness,1
5011,product_view,2024-02-23,UK,Mobile,Low,Paid,Low,0,1,1,Consideration,2
5011,add_to_cart,2024-01-26,UK,Mobile,Low,Paid,Low,0,1,1,Intent,3
5433,page_view,2024-01-20,CA,Mobile,Low,Organic,Low,0,1,1,Awareness,1
5433,product_view,2024-02-21,CA,Mobile,Low,Organic,Low,0,1,1,Consideration,2
5433,add_to_cart,2024-02-24,CA,Mobile,Low,Organic,Low,0,1,1,Intent,3
5043,page_view,2024-01-23,CA,Mobile,Low,Paid,High,0,0,0,Awareness,1
5043,product_view,2024-01-24,CA,Mobile,Low,Paid,High,0,0,0,Consideration,2
5043,add_to_cart,2024-01-09,CA,Mobile,Low,Paid,High,0,0,0,Intent,3
5042,page_view,2024-02-22,UK,Desktop,Low,Organic,Medium,0,1,0,Awareness,1
5042,product_view,2024-01-30,UK,Desktop,Low,Organic,Medium,0,1,0,Consideration,2
5042,add_to_cart,2024-02-15,UK,Desktop,Low,Organic,Medium,0,1,0,Intent,3
5167,page_view,2024-02-15,CA,Mobile,Medium,Organic,Medium,0,0,0,Awareness,1
5167,product_view,2024-01-11,CA,Mobile,Medium,Organic,Medium,0,0,0,Consideration,2
5167,add_to_cart,2024-02-03,CA,Mobile,Medium,Organic,Medium,0,0,0,Intent,3
5703,page_view,2024-01-15,UK,Mobile,High,Organic,Low,0,0,1,Awareness,1
5703,product_view,2024-02-06,UK,Mobile,High,Organic,Low,0,0,1,Consideration,2
5703,add_to_cart,2024-01-20,UK,Mobile,High,Organic,Low,0,0,1,Intent,3
5613,page_view,2024-01-08,AU,Mobile,Low,Paid,Low,0,1,1,Awareness,1
5613,product_view,2024-01-29,AU,Mobile,Low,Paid,Low,0,1,1,Consideration,2
5613,add_to_cart,2024-01-30,AU,Mobile,Low,Paid,Low,0,1,1,Intent,3
5412,page_view,2024-01-22,AU,Mobile,High,Referral,Medium,0,1,1,Awareness,1
5412,product_view,2024-01-04,AU,Mobile,High,Referral,Medium,0,1,1,Consideration,2
5412,add_to_cart,2024-01-31,AU,Mobile,High,Referral,Medium,0,1,1,Intent,3
5178,page_view,2024-01-28,AU,Mobile,Low,Organic,Low,0,1,0,Awareness,1
5178,product_view,2024-02-15,AU,Mobile,Low,Organic,Low,0,1,0,Consideration,2
5178,add_to_cart,2024-02-01,AU,Mobile,Low,Organic,Low,0,1,0,Intent,3
5530,page_view,2024-01-23,UK,Mobile,High,Paid,Low,0,1,1,Awareness,1
5530,product_view,2024-01-17,UK,Mobile,High,Paid,Low,0,1,1,Consideration,2
5530,add_to_cart,2024-01-01,UK,Mobile,High,Paid,Low,0,1,1,Intent,3
5539,page_view,2024-01-25,US,Desktop,Medium,Organic,Low,0,1,1,Awareness,1
5539,product_view,2024-02-17,US,Desktop,Medium,Organic,Low,0,1,1,Consideration,2
5539,add_to_cart,2024-01-18,US,Desktop,Medium,Organic,Low,0,1,1,Intent,3
5177,page_view,2024-02-01,CA,Mobile,Medium,Paid,Low,0,1,0,Awareness,1
5177,product_view,2024-01-09,CA,Mobile,Medium,Paid,Low,0,1,0,Consideration,2
5177,add_to_cart,2024-02-09,CA,Mobile,Medium,Paid,Low,0,1,0,Intent,3
5665,page_view,2024-02-29,UK,Mobile,Medium,Organic,Medium,0,1,0,Awareness,1
5665,product_view,2024-01-07,UK,Mobile,Medium,Organic,Medium,0,1,0,Consideration,2
5665,add_to_cart,2024-02-26,UK,Mobile,Medium,Organic,Medium,0,1,0,Intent,3
5766,page_view,2024-02-14,CA,Desktop,Low,Paid,Medium,0,1,0,Awareness,1
5766,product_view,2024-01-17,CA,Desktop,Low,Paid,Medium,0,1,0,Consideration,2
5766,add_to_cart,2024-02-18,CA,Desktop,Low,Paid,Medium,0,1,0,Intent,3
5257,page_view,2024-01-08,US,Mobile,High,Paid,High,0,1,0,Awareness,1
5257,product_view,2024-01-25,US,Mobile,High,Paid,High,0,1,0,Consideration,2
5257,add_to_cart,2024-01-13,US,Mobile,High,Paid,High,0,1,0,Intent,3
5765,page_view,2024-02-23,UK,Desktop,Medium,Organic,Low,0,0,0,Awareness,1
5765,product_view,2024-02-03,UK,Desktop,Medium,Organic,Low,0,0,0,Consideration,2
5765,add_to_cart,2024-01-16,UK,Desktop,Medium,Organic,Low,0,0,0,Intent,3
5543,page_view,2024-01-10,AU,Mobile,High,Referral,Low,0,0,1,Awareness,1
5543,product_view,2024-01-03,AU,Mobile,High,Referral,Low,0,0,1,Consideration,2
5543,add_to_cart,2024-02-28,AU,Mobile,High,Referral,Low,0,0,1,Intent,3
5015,page_view,2024-01-21,US,Desktop,Medium,Paid,Low,0,0,1,Awareness,1
5015,product_view,2024-02-27,US,Desktop,Medium,Paid,Low,0,0,1,Consideration,2
5015,add_to_cart,2024-01-20,US,Desktop,Medium,Paid,Low,0,0,1,Intent,3
5003,page_view,2024-01-17,US,Desktop,High,Organic,Medium,0,1,0,Awareness,1
5003,product_view,2024-02-23,US,Desktop,High,Organic,Medium,0,1,0,Consideration,2
5003,add_to_cart,2024-02-05,US,Desktop,High,Organic,Medium,0,1,0,Intent,3
5335,page_view,2024-01-08,US,Mobile,Medium,Organic,Low,0,0,0,Awareness,1
5335,product_view,2024-01-08,US,Mobile,Medium,Organic,Low,0,0,0,Consideration,2
5335,add_to_cart,2024-02-28,US,Mobile,Medium,Organic,Low,0,0,0,Intent,3
5256,page_view,2024-02-23,CA,Mobile,High,Referral,High,0,0,0,Awareness,1
5256,product_view,2024-01-18,CA,Mobile,High,Referral,High,0,0,0,Consideration,2
5256,add_to_cart,2024-01-17,CA,Mobile,High,Referral,High,0,0,0,Intent,3
5580,page_view,2024-01-21,UK,Mobile,Low,Referral,High,0,1,1,Awareness,1
5580,product_view,2024-02-17,UK,Mobile,Low,Referral,High,0,1,1,Consideration,2
5580,add_to_cart,2024-02-24,UK,Mobile,Low,Referral,High,0,1,1,Intent,3
5445,page_view,2024-02-21,CA,Tablet,Medium,Organic,Medium,0,1,1,Awareness,1
5445,product_view,2024-01-30,CA,Tablet,Medium,Organic,Medium,0,1,1,Consideration,2
5445,add_to_cart,2024-02-02,CA,Tablet,Medium,Organic,Medium,0,1,1,Intent,3
5338,page_view,2024-01-15,CA,Mobile,Low,Referral,Low,0,1,1,Awareness,1
5338,product_view,2024-01-12,CA,Mobile,Low,Referral,Low,0,1,1,Consideration,2
5338,add_to_cart,2024-02-02,CA,Mobile,Low,Referral,Low,0,1,1,Intent,3
5478,page_view,2024-02-20,AU,Mobile,Low,Referral,Low,0,1,0,Awareness,1
5478,product_view,2024-01-11,AU,Mobile,Low,Referral,Low,0,1,0,Consideration,2
5478,add_to_cart,2024-02-08,AU,Mobile,Low,Referral,Low,0,1,0,Intent,3
5417,page_view,2024-01-22,AU,Mobile,High,Paid,High,0,0,0,Awareness,1
5417,product_view,2024-02-19,AU,Mobile,High,Paid,High,0,0,0,Consideration,2
5417,add_to_cart,2024-02-07,AU,Mobile,High,Paid,High,0,0,0,Intent,3
5638,page_view,2024-01-21,UK,Mobile,High,Referral,Low,0,1,1,Awareness,1
5638,product_view,2024-02-20,UK,Mobile,High,Referral,Low,0,1,1,Consideration,2
5638,add_to_cart,2024-01-02,UK,Mobile,High,Referral,Low,0,1,1,Intent,3
5714,page_view,2024-02-07,AU,Mobile,Medium,Referral,Medium,0,1,1,Awareness,1
5714,product_view,2024-02-24,AU,Mobile,Medium,Referral,Medium,0,1,1,Consideration,2
5714,add_to_cart,2024-02-06,AU,Mobile,Medium,Referral,Medium,0,1,1,Intent,3
5324,page_view,2024-01-17,UK,Tablet,Low,Paid,Low,0,1,0,Awareness,1
5324,product_view,2024-02-10,UK,Tablet,Low,Paid,Low,0,1,0,Consideration,2
5324,add_to_cart,2024-02-05,UK,Tablet,Low,Paid,Low,0,1,0,Intent,3
5457,page_view,2024-02-11,UK,Mobile,Medium,Referral,Low,0,1,0,Awareness,1
5457,product_view,2024-01-18,UK,Mobile,Medium,Referral,Low,0,1,0,Consideration,2
5457,add_to_cart,2024-02-17,UK,Mobile,Medium,Referral,Low,0,1,0,Intent,3
5009,page_view,2024-02-16,AU,Tablet,Low,Referral,Medium,0,1,1,Awareness,1
5009,product_view,2024-01-16,AU,Tablet,Low,Referral,Medium,0,1,1,Consideration,2
5009,add_to_cart,2024-02-25,AU,Tablet,Low,Referral,Medium,0,1,1,Intent,3
5249,page_view,2024-02-23,UK,Mobile,Medium,Organic,High,0,1,1,Awareness,1
5249,product_view,2024-02-11,UK,Mobile,Medium,Organic,High,0,1,1,Consideration,2
5249,add_to_cart,2024-01-09,UK,Mobile,Medium,Organic,High,0,1,1,Intent,3
5022,page_view,2024-02-18,UK,Mobile,Low,Paid,Low,0,1,0,Awareness,1
5022,product_view,2024-01-15,UK,Mobile,Low,Paid,Low,0,1,0,Consideration,2
5022,add_to_cart,2024-02-04,UK,Mobile,Low,Paid,Low,0,1,0,Intent,3
5221,page_view,2024-01-04,UK,Desktop,High,Paid,High,0,1,0,Awareness,1
5221,product_view,2024-01-23,UK,Desktop,High,Paid,High,0,1,0,Consideration,2
5221,add_to_cart,2024-02-17,UK,Desktop,High,Paid,High,0,1,0,Intent,3
5547,page_view,2024-02-21,US,Desktop,Medium,Organic,High,0,1,0,Awareness,1
5547,product_view,2024-01-22,US,Desktop,Medium,Organic,High,0,1,0,Consideration,2
5547,add_to_cart,2024-01-21,US,Desktop,Medium,Organic,High,0,1,0,Intent,3
5690,page_view,2024-01-25,UK,Desktop,Low,Paid,High,0,1,0,Awareness,1
5690,product_view,2024-01-21,UK,Desktop,Low,Paid,High,0,1,0,Consideration,2
5690,add_to_cart,2024-01-24,UK,Desktop,Low,Paid,High,0,1,0,Intent,3
5784,page_view,2024-01-21,US,Mobile,High,Paid,Low,0,1,0,Awareness,1
5784,product_view,2024-01-28,US,Mobile,High,Paid,Low,0,1,0,Consideration,2
5784,add_to_cart,2024-02-04,US,Mobile,High,Paid,Low,0,1,0,Intent,3
5626,page_view,2024-01-11,CA,Mobile,Medium,Paid,Medium,0,0,1,Awareness,1
5626,product_view,2024-01-05,CA,Mobile,Medium,Paid,Medium,0,0,1,Consideration,2
5626,add_to_cart,2024-02-27,CA,Mobile,Medium,Paid,Medium,0,0,1,Intent,3
5340,page_view,2024-01-02,AU,Mobile,Medium,Paid,Medium,0,1,0,Awareness,1
5340,product_view,2024-01-01,AU,Mobile,Medium,Paid,Medium,0,1,0,Consideration,2
5340,add_to_cart,2024-02-09,AU,Mobile,Medium,Paid,Medium,0,1,0,Intent,3
5671,page_view,2024-02-23,AU,Mobile,High,Paid,High,0,0,0,Awareness,1
5671,product_view,2024-01-28,AU,Mobile,High,Paid,High,0,0,0,Consideration,2
5671,add_to_cart,2024-02-27,AU,Mobile,High,Paid,High,0,0,0,Intent,3
5203,page_view,2024-01-12,UK,Mobile,Low,Organic,Low,0,1,1,Awareness,1
5203,product_view,2024-01-01,UK,Mobile,Low,Organic,Low,0,1,1,Consideration,2
5203,add_to_cart,2024-02-24,UK,Mobile,Low,Organic,Low,0,1,1,Intent,3
5237,page_view,2024-01-17,US,Mobile,High,Referral,Medium,0,1,0,Awareness,1
5237,product_view,2024-01-22,US,Mobile,High,Referral,Medium,0,1,0,Consideration,2
5237,add_to_cart,2024-02-07,US,Mobile,High,Referral,Medium,0,1,0,Intent,3
5093,page_view,2024-01-17,UK,Desktop,Low,Paid,Low,0,1,1,Awareness,1
5093,product_view,2024-02-17,UK,Desktop,Low,Paid,Low,0,1,1,Consideration,2
5093,add_to_cart,2024-01-14,UK,Desktop,Low,Paid,Low,0,1,1,Intent,3
5531,page_view,2024-02-18,UK,Mobile,Low,Paid,High,0,0,0,Awareness,1
5531,product_view,2024-01-31,UK,Mobile,Low,Paid,High,0,0,0,Consideration,2
5531,add_to_cart,2024-02-22,UK,Mobile,Low,Paid,High,0,0,0,Intent,3
5362,page_view,2024-01-05,US,Tablet,High,Organic,Medium,0,1,1,Awareness,1
5362,product_view,2024-01-26,US,Tablet,High,Organic,Medium,0,1,1,Consideration,2
5362,add_to_cart,2024-01-20,US,Tablet,High,Organic,Medium,0,1,1,Intent,3
5544,page_view,2024-02-13,UK,Tablet,High,Paid,Medium,0,0,1,Awareness,1
5544,product_view,2024-02-24,UK,Tablet,High,Paid,Medium,0,0,1,Consideration,2
5544,add_to_cart,2024-01-15,UK,Tablet,High,Paid,Medium,0,0,1,Intent,3
5284,page_view,2024-02-27,AU,Desktop,Medium,Referral,Medium,0,1,0,Awareness,1
5284,product_view,2024-02-17,AU,Desktop,Medium,Referral,Medium,0,1,0,Consideration,2
5284,add_to_cart,2024-02-13,AU,Desktop,Medium,Referral,Medium,0,1,0,Intent,3
5184,page_view,2024-01-06,US,Desktop,Low,Paid,High,0,1,0,Awareness,1
5184,product_view,2024-02-27,US,Desktop,Low,Paid,High,0,1,0,Consideration,2
5184,add_to_cart,2024-01-14,US,Desktop,Low,Paid,High,0,1,0,Intent,3
5649,page_view,2024-02-14,UK,Mobile,High,Organic,Low,0,0,1,Awareness,1
5649,product_view,2024-01-26,UK,Mobile,High,Organic,Low,0,0,1,Consideration,2
5649,add_to_cart,2024-01-28,UK,Mobile,High,Organic,Low,0,0,1,Intent,3
5396,page_view,2024-02-14,CA,Mobile,Medium,Paid,Medium,0,0,0,Awareness,1
5396,product_view,2024-01-02,CA,Mobile,Medium,Paid,Medium,0,0,0,Consideration,2
5396,add_to_cart,2024-01-08,CA,Mobile,Medium,Paid,Medium,0,0,0,Intent,3
5153,page_view,2024-01-18,CA,Desktop,High,Paid,Medium,0,1,0,Awareness,1
5153,product_view,2024-02-19,CA,Desktop,High,Paid,Medium,0,1,0,Consideration,2
5153,add_to_cart,2024-01-05,CA,Desktop,High,Paid,Medium,0,1,0,Intent,3
5075,page_view,2024-02-27,UK,Desktop,Low,Organic,Low,0,0,0,Awareness,1
5075,product_view,2024-02-15,UK,Desktop,Low,Organic,Low,0,0,0,Consideration,2
5075,add_to_cart,2024-02-13,UK,Desktop,Low,Organic,Low,0,0,0,Intent,3
5453,page_view,2024-01-10,AU,Mobile,Medium,Referral,Low,0,1,1,Awareness,1
5453,product_view,2024-01-20,AU,Mobile,Medium,Referral,Low,0,1,1,Consideration,2
5453,add_to_cart,2024-01-06,AU,Mobile,Medium,Referral,Low,0,1,1,Intent,3
5695,page_view,2024-01-17,CA,Desktop,Medium,Organic,Medium,0,0,0,Awareness,1
5695,product_view,2024-02-10,CA,Desktop,Medium,Organic,Medium,0,0,0,Consideration,2
5695,add_to_cart,2024-01-19,CA,Desktop,Medium,Organic,Medium,0,0,0,Intent,3
5277,page_view,2024-01-13,UK,Mobile,Medium,Paid,Low,0,1,0,Awareness,1
5277,product_view,2024-02-28,UK,Mobile,Medium,Paid,Low,0,1,0,Consideration,2
5277,add_to_cart,2024-02-11,UK,Mobile,Medium,Paid,Low,0,1,0,Intent,3
5068,page_view,2024-01-10,CA,Mobile,High,Paid,Medium,0,1,1,Awareness,1
5068,product_view,2024-01-19,CA,Mobile,High,Paid,Medium,0,1,1,Consideration,2
5068,add_to_cart,2024-02-16,CA,Mobile,High,Paid,Medium,0,1,1,Intent,3
5514,page_view,2024-01-25,CA,Mobile,Medium,Paid,Low,0,1,0,Awareness,1
5514,product_view,2024-01-10,CA,Mobile,Medium,Paid,Low,0,1,0,Consideration,2
5514,add_to_cart,2024-01-14,CA,Mobile,Medium,Paid,Low,0,1,0,Intent,3
5188,page_view,2024-02-03,UK,Mobile,Low,Paid,Low,0,0,0,Awareness,1
5188,product_view,2024-01-10,UK,Mobile,Low,Paid,Low,0,0,0,Consideration,2
5188,add_to_cart,2024-02-04,UK,Mobile,Low,Paid,Low,0,0,0,Intent,3
5271,page_view,2024-01-12,UK,Tablet,High,Referral,Low,0,1,0,Awareness,1
5271,product_view,2024-02-26,UK,Tablet,High,Referral,Low,0,1,0,Consideration,2
5271,add_to_cart,2024-02-11,UK,Tablet,High,Referral,Low,0,1,0,Intent,3
5236,page_view,2024-01-06,AU,Mobile,Low,Organic,Low,0,1,0,Awareness,1
5236,product_view,2024-02-26,AU,Mobile,Low,Organic,Low,0,1,0,Consideration,2
5236,add_to_cart,2024-02-13,AU,Mobile,Low,Organic,Low,0,1,0,Intent,3
5088,page_view,2024-02-28,UK,Mobile,Medium,Organic,Low,0,0,0,Awareness,1
5088,product_view,2024-01-27,UK,Mobile,Medium,Organic,Low,0,0,0,Consideration,2
5088,add_to_cart,2024-01-27,UK,Mobile,Medium,Organic,Low,0,0,0,Intent,3
5762,page_view,2024-02-12,CA,Mobile,Medium,Paid,Medium,0,1,0,Awareness,1
5762,product_view,2024-01-17,CA,Mobile,Medium,Paid,Medium,0,1,0,Consideration,2
5762,add_to_cart,2024-01-17,CA,Mobile,Medium,Paid,Medium,0,1,0,Intent,3
5117,page_view,2024-02-06,US,Mobile,High,Referral,Low,0,1,0,Awareness,1
5117,product_view,2024-01-30,US,Mobile,High,Referral,Low,0,1,0,Consideration,2
5117,add_to_cart,2024-01-23,US,Mobile,High,Referral,Low,0,1,0,Intent,3
5125,page_view,2024-02-16,US,Desktop,High,Paid,High,0,0,0,Awareness,1
5125,product_view,2024-02-15,US,Desktop,High,Paid,High,0,0,0,Consideration,2
5125,add_to_cart,2024-02-21,US,Desktop,High,Paid,High,0,0,0,Intent,3
5660,page_view,2024-02-05,AU,Mobile,High,Paid,High,0,1,0,Awareness,1
5660,product_view,2024-01-02,AU,Mobile,High,Paid,High,0,1,0,Consideration,2
5660,add_to_cart,2024-01-22,AU,Mobile,High,Paid,High,0,1,0,Intent,3
5289,page_view,2024-02-23,UK,Mobile,High,Organic,Low,0,0,1,Awareness,1
5289,product_view,2024-01-29,UK,Mobile,High,Organic,Low,0,0,1,Consideration,2
5289,add_to_cart,2024-02-05,UK,Mobile,High,Organic,Low,0,0,1,Intent,3
5238,page_view,2024-01-15,AU,Mobile,Low,Referral,Low,0,1,0,Awareness,1
5238,product_view,2024-02-26,AU,Mobile,Low,Referral,Low,0,1,0,Consideration,2
5238,add_to_cart,2024-01-20,AU,Mobile,Low,Referral,Low,0,1,0,Intent,3
5000,page_view,2024-01-04,UK,Mobile,Medium,Referral,Medium,0,1,1,Awareness,1
5000,product_view,2024-01-29,UK,Mobile,Medium,Referral,Medium,0,1,1,Consideration,2
5000,add_to_cart,2024-02-13,UK,Mobile,Medium,Referral,Medium,0,1,1,Intent,3
5791,page_view,2024-02-04,UK,Mobile,High,Referral,Low,0,1,0,Awareness,1
5791,product_view,2024-02-26,UK,Mobile,High,Referral,Low,0,1,0,Consideration,2
5791,add_to_cart,2024-01-21,UK,Mobile,High,Referral,Low,0,1,0,Intent,3
5602,page_view,2024-01-24,US,Desktop,Low,Organic,Medium,0,1,0,Awareness,1
5602,product_view,2024-01-17,US,Desktop,Low,Organic,Medium,0,1,0,Consideration,2
5602,add_to_cart,2024-02-01,US,Desktop,Low,Organic,Medium,0,1,0,Intent,3
5794,page_view,2024-01-07,US,Mobile,Low,Organic,Low,0,1,1,Awareness,1
5794,product_view,2024-01-26,US,Mobile,Low,Organic,Low,0,1,1,Consideration,2
5794,add_to_cart,2024-02-16,US,Mobile,Low,Organic,Low,0,1,1,Intent,3
5465,page_view,2024-01-07,US,Mobile,Low,Organic,Low,0,0,0,Awareness,1
5465,product_view,2024-01-02,US,Mobile,Low,Organic,Low,0,0,0,Consideration,2
5465,add_to_cart,2024-02-11,US,Mobile,Low,Organic,Low,0,0,0,Intent,3
5278,page_view,2024-01-03,UK,Mobile,Low,Organic,Low,0,0,1,Awareness,1
5278,product_view,2024-02-11,UK,Mobile,Low,Organic,Low,0,0,1,Consideration,2
5278,add_to_cart,2024-01-27,UK,Mobile,Low,Organic,Low,0,0,1,Intent,3
5624,page_view,2024-02-01,AU,Mobile,Medium,Paid,Low,0,1,1,Awareness,1
5624,product_view,2024-01-10,AU,Mobile,Medium,Paid,Low,0,1,1,Consideration,2
5624,add_to_cart,2024-02-29,AU,Mobile,Medium,Paid,Low,0,1,1,Intent,3
5116,page_view,2024-01-22,AU,Desktop,Low,Organic,Low,0,1,1,Awareness,1
5116,product_view,2024-02-26,AU,Desktop,Low,Organic,Low,0,1,1,Consideration,2
5116,add_to_cart,2024-01-20,AU,Desktop,Low,Organic,Low,0,1,1,Intent,3
5228,page_view,2024-01-12,AU,Mobile,Low,Organic,Medium,0,0,0,Awareness,1
5228,product_view,2024-01-26,AU,Mobile,Low,Organic,Medium,0,0,0,Consideration,2
5228,add_to_cart,2024-01-09,AU,Mobile,Low,Organic,Medium,0,0,0,Intent,3
5756,page_view,2024-01-24,AU,Mobile,Medium,Referral,Medium,0,1,0,Awareness,1
5756,product_view,2024-02-23,AU,Mobile,Medium,Referral,Medium,0,1,0,Consideration,2
5756,add_to_cart,2024-01-27,AU,Mobile,Medium,Referral,Medium,0,1,0,Intent,3
5420,page_view,2024-01-24,UK,Mobile,Medium,Referral,High,0,1,0,Awareness,1
5420,product_view,2024-01-21,UK,Mobile,Medium,Referral,High,0,1,0,Consideration,2
5420,add_to_cart,2024-01-10,UK,Mobile,Medium,Referral,High,0,1,0,Intent,3
5434,page_view,2024-02-05,AU,Mobile,Medium,Referral,High,0,1,1,Awareness,1
5434,product_view,2024-02-14,AU,Mobile,Medium,Referral,High,0,1,1,Consideration,2
5434,add_to_cart,2024-02-05,AU,Mobile,Medium,Referral,High,0,1,1,Intent,3
5274,page_view,2024-01-18,US,Tablet,Low,Paid,High,0,0,0,Awareness,1
5274,product_view,2024-02-07,US,Tablet,Low,Paid,High,0,0,0,Consideration,2
5274,add_to_cart,2024-01-03,US,Tablet,Low,Paid,High,0,0,0,Intent,3
5318,page_view,2024-01-31,AU,Mobile,High,Paid,Medium,0,1,0,Awareness,1
5318,product_view,2024-01-14,AU,Mobile,High,Paid,Medium,0,1,0,Consideration,2
5318,add_to_cart,2024-01-06,AU,Mobile,High,Paid,Medium,0,1,0,Intent,3
5551,page_view,2024-02-10,CA,Mobile,Medium,Referral,Low,0,1,1,Awareness,1
5551,product_view,2024-02-23,CA,Mobile,Medium,Referral,Low,0,1,1,Consideration,2
5551,add_to_cart,2024-02-16,CA,Mobile,Medium,Referral,Low,0,1,1,Intent,3
5144,page_view,2024-02-02,CA,Mobile,Medium,Organic,Medium,0,0,1,Awareness,1
5144,product_view,2024-02-22,CA,Mobile,Medium,Organic,Medium,0,0,1,Consideration,2
5144,add_to_cart,2024-01-31,CA,Mobile,Medium,Organic,Medium,0,0,1,Intent,3
5648,page_view,2024-02-04,UK,Mobile,Medium,Paid,Medium,0,0,0,Awareness,1
5648,product_view,2024-01-05,UK,Mobile,Medium,Paid,Medium,0,0,0,Consideration,2
5648,add_to_cart,2024-01-09,UK,Mobile,Medium,Paid,Medium,0,0,0,Intent,3
5735,page_view,2024-02-24,CA,Mobile,Medium,Referral,Medium,0,1,1,Awareness,1
5735,product_view,2024-01-01,CA,Mobile,Medium,Referral,Medium,0,1,1,Consideration,2
5735,add_to_cart,2024-01-20,CA,Mobile,Medium,Referral,Medium,0,1,1,Intent,3
5726,page_view,2024-02-04,CA,Tablet,High,Organic,Medium,0,1,0,Awareness,1
5726,product_view,2024-01-20,CA,Tablet,High,Organic,Medium,0,1,0,Consideration,2
5726,add_to_cart,2024-02-15,CA,Tablet,High,Organic,Medium,0,1,0,Intent,3
5585,page_view,2024-01-29,US,Mobile,Medium,Organic,Medium,0,0,0,Awareness,1
5585,product_view,2024-02-17,US,Mobile,Medium,Organic,Medium,0,0,0,Consideration,2
5585,add_to_cart,2024-02-20,US,Mobile,Medium,Organic,Medium,0,0,0,Intent,3
5369,page_view,2024-01-04,US,Mobile,Medium,Paid,Medium,0,0,0,Awareness,1
5369,product_view,2024-02-20,US,Mobile,Medium,Paid,Medium,0,0,0,Consideration,2
5369,add_to_cart,2024-02-23,US,Mobile,Medium,Paid,Medium,0,0,0,Intent,3
5268,page_view,2024-02-22,CA,Mobile,Low,Organic,Low,0,1,0,Awareness,1
5268,product_view,2024-02-14,CA,Mobile,Low,Organic,Low,0,1,0,Consideration,2
5268,add_to_cart,2024-01-22,CA,Mobile,Low,Organic,Low,0,1,0,Intent,3
5567,page_view,2024-01-28,AU,Tablet,High,Organic,Low,0,1,0,Awareness,1
5567,product_view,2024-01-09,AU,Tablet,High,Organic,Low,0,1,0,Consideration,2
5567,add_to_cart,2024-01-20,AU,Tablet,High,Organic,Low,0,1,0,Intent,3
5307,page_view,2024-01-27,CA,Mobile,Medium,Referral,Medium,0,1,0,Awareness,1
5307,product_view,2024-01-11,CA,Mobile,Medium,Referral,Medium,0,1,0,Consideration,2
5307,add_to_cart,2024-02-07,CA,Mobile,Medium,Referral,Medium,0,1,0,Intent,3
5310,page_view,2024-02-09,UK,Mobile,Medium,Organic,Low,0,1,0,Awareness,1
5310,product_view,2024-01-08,UK,Mobile,Medium,Organic,Low,0,1,0,Consideration,2
5310,add_to_cart,2024-02-28,UK,Mobile,Medium,Organic,Low,0,1,0,Intent,3
5451,page_view,2024-02-15,CA,Desktop,High,Referral,Medium,0,1,0,Awareness,1
5451,product_view,2024-01-12,CA,Desktop,High,Referral,Medium,0,1,0,Consideration,2
5451,add_to_cart,2024-02-12,CA,Desktop,High,Referral,Medium,0,1,0,Intent,3
5046,page_view,2024-02-26,US,Mobile,Low,Paid,Low,0,0,0,Awareness,1
5046,product_view,2024-02-21,US,Mobile,Low,Paid,Low,0,0,0,Consideration,2
5349,page_view,2024-02-14,US,Desktop,Medium,Organic,Low,0,1,0,Awareness,1
5349,product_view,2024-01-23,US,Desktop,Medium,Organic,Low,0,1,0,Consideration,2
5371,page_view,2024-01-14,US,Mobile,Medium,Paid,Low,0,1,0,Awareness,1
5371,product_view,2024-02-04,US,Mobile,Medium,Paid,Low,0,1,0,Consideration,2
5523,page_view,2024-01-25,AU,Mobile,Medium,Referral,High,0,0,0,Awareness,1
5523,product_view,2024-02-20,AU,Mobile,Medium,Referral,High,0,0,0,Consideration,2
5261,page_view,2024-02-11,US,Mobile,High,Paid,Medium,0,1,0,Awareness,1
5261,product_view,2024-01-07,US,Mobile,High,Paid,Medium,0,1,0,Consideration,2
5195,page_view,2024-01-27,US,Mobile,Medium,Referral,Low,0,1,1,Awareness,1
5195,product_view,2024-02-21,US,Mobile,Medium,Referral,Low,0,1,1,Consideration,2
5799,page_view,2024-01-01,AU,Mobile,High,Organic,Medium,0,1,1,Awareness,1
5799,product_view,2024-01-07,AU,Mobile,High,Organic,Medium,0,1,1,Consideration,2
5672,page_view,2024-02-12,CA,Mobile,Medium,Referral,Low,0,1,0,Awareness,1
5672,product_view,2024-01-27,CA,Mobile,Medium,Referral,Low,0,1,0,Consideration,2
5107,page_view,2024-01-04,AU,Mobile,Medium,Organic,Low,0,1,0,Awareness,1
5107,product_view,2024-02-06,AU,Mobile,Medium,Organic,Low,0,1,0,Consideration,2
5059,page_view,2024-01-02,UK,Mobile,High,Referral,Medium,0,1,0,Awareness,1
5059,product_view,2024-02-13,UK,Mobile,High,Referral,Medium,0,1,0,Consideration,2
5599,page_view,2024-01-23,UK,Mobile,Low,Organic,High,0,1,0,Awareness,1
5599,product_view,2024-01-26,UK,Mobile,Low,Organic,High,0,1,0,Consideration,2
5439,page_view,2024-01-30,AU,Desktop,High,Paid,Medium,0,1,0,Awareness,1
5439,product_view,2024-02-26,AU,Desktop,High,Paid,Medium,0,1,0,Consideration,2
5100,page_view,2024-02-24,AU,Tablet,Low,Organic,Low,0,0,1,Awareness,1
5100,product_view,2024-01-29,AU,Tablet,Low,Organic,Low,0,0,1,Consideration,2
5477,page_view,2024-01-07,CA,Desktop,High,Organic,Low,0,1,1,Awareness,1
5477,product_view,2024-02-12,CA,Desktop,High,Organic,Low,0,1,1,Consideration,2
5718,page_view,2024-01-18,UK,Mobile,Medium,Paid,Low,0,0,0,Awareness,1
5718,product_view,2024-01-04,UK,Mobile,Medium,Paid,Low,0,0,0,Consideration,2
5583,page_view,2024-01-21,UK,Mobile,Medium,Paid,High,0,1,0,Awareness,1
5583,product_view,2024-02-24,UK,Mobile,Medium,Paid,High,0,1,0,Consideration,2
5737,page_view,2024-02-14,CA,Desktop,High,Referral,Low,0,0,0,Awareness,1
5737,product_view,2024-01-22,CA,Desktop,High,Referral,Low,0,0,0,Consideration,2
5179,page_view,2024-01-07,UK,Mobile,High,Paid,High,0,1,0,Awareness,1
5179,product_view,2024-01-29,UK,Mobile,High,Paid,High,0,1,0,Consideration,2
5304,page_view,2024-01-13,UK,Mobile,High,Organic,Low,0,1,0,Awareness,1
5304,product_view,2024-01-29,UK,Mobile,High,Organic,Low,0,1,0,Consideration,2
5429,page_view,2024-01-08,CA,Mobile,Medium,Organic,Medium,0,1,1,Awareness,1
5429,product_view,2024-01-23,CA,Mobile,Medium,Organic,Medium,0,1,1,Consideration,2
5507,page_view,2024-02-07,US,Mobile,Medium,Referral,High,0,1,1,Awareness,1
5507,product_view,2024-02-03,US,Mobile,Medium,Referral,High,0,1,1,Consideration,2
5770,page_view,2024-02-18,US,Mobile,High,Paid,Low,0,0,0,Awareness,1
5770,product_view,2024-01-25,US,Mobile,High,Paid,Low,0,0,0,Consideration,2
5149,page_view,2024-02-12,AU,Mobile,Low,Referral,Medium,0,1,0,Awareness,1
5149,product_view,2024-01-06,AU,Mobile,Low,Referral,Medium,0,1,0,Consideration,2
5124,page_view,2024-02-26,UK,Tablet,Medium,Referral,Low,0,1,0,Awareness,1
5124,product_view,2024-01-28,UK,Tablet,Medium,Referral,Low,0,1,0,Consideration,2
5634,page_view,2024-02-26,CA,Mobile,Medium,Paid,Medium,0,0,1,Awareness,1
5634,product_view,2024-02-03,CA,Mobile,Medium,Paid,Medium,0,0,1,Consideration,2
5697,page_view,2024-01-25,UK,Desktop,High,Referral,Low,0,1,0,Awareness,1
5697,product_view,2024-01-20,UK,Desktop,High,Referral,Low,0,1,0,Consideration,2
5185,page_view,2024-01-13,UK,Mobile,High,Paid,Low,0,1,0,Awareness,1
5185,product_view,2024-02-19,UK,Mobile,High,Paid,Low,0,1,0,Consideration,2
5541,page_view,2024-02-13,CA,Tablet,Medium,Paid,Low,0,0,0,Awareness,1
5541,product_view,2024-01-24,CA,Tablet,Medium,Paid,Low,0,0,0,Consideration,2
5050,page_view,2024-01-28,CA,Desktop,Medium,Paid,Low,0,1,0,Awareness,1
5050,product_view,2024-01-28,CA,Desktop,Medium,Paid,Low,0,1,0,Consideration,2
5487,page_view,2024-02-03,AU,Desktop,Low,Organic,High,0,1,0,Awareness,1
5487,product_view,2024-02-04,AU,Desktop,Low,Organic,High,0,1,0,Consideration,2
5789,page_view,2024-02-29,UK,Mobile,Medium,Paid,High,0,1,0,Awareness,1
5789,product_view,2024-02-14,UK,Mobile,Medium,Paid,High,0,1,0,Consideration,2
5485,page_view,2024-01-06,CA,Mobile,High,Organic,Medium,0,1,0,Awareness,1
5485,product_view,2024-01-23,CA,Mobile,High,Organic,Medium,0,1,0,Consideration,2
5321,page_view,2024-02-02,CA,Mobile,Medium,Paid,Low,0,0,0,Awareness,1
5321,product_view,2024-01-21,CA,Mobile,Medium,Paid,Low,0,0,0,Consideration,2
5353,page_view,2024-01-07,US,Mobile,Medium,Paid,Low,0,0,0,Awareness,1
5353,product_view,2024-02-19,US,Mobile,Medium,Paid,Low,0,0,0,Consideration,2
5739,page_view,2024-02-17,CA,Desktop,High,Paid,Medium,0,0,0,Awareness,1
5739,product_view,2024-02-14,CA,Desktop,High,Paid,Medium,0,0,0,Consideration,2
5142,page_view,2024-02-27,US,Tablet,Medium,Organic,Low,0,0,1,Awareness,1
5142,product_view,2024-02-19,US,Tablet,Medium,Organic,Low,0,0,1,Consideration,2
5370,page_view,2024-02-24,US,Desktop,Medium,Referral,Low,0,0,0,Awareness,1
5370,product_view,2024-02-22,US,Desktop,Medium,Referral,Low,0,0,0,Consideration,2
5141,page_view,2024-01-01,UK,Desktop,Medium,Organic,Low,0,1,0,Awareness,1
5141,product_view,2024-02-05,UK,Desktop,Medium,Organic,Low,0,1,0,Consideration,2
5399,page_view,2024-01-19,UK,Mobile,High,Paid,High,0,0,0,Awareness,1
5399,product_view,2024-01-25,UK,Mobile,High,Paid,High,0,0,0,Consideration,2
5263,page_view,2024-01-18,US,Mobile,Low,Referral,Low,0,1,0,Awareness,1
5263,product_view,2024-02-03,US,Mobile,Low,Referral,Low,0,1,0,Consideration,2
5320,page_view,2024-02-11,US,Mobile,Medium,Paid,Medium,0,1,1,Awareness,1
5320,product_view,2024-01-10,US,Mobile,Medium,Paid,Medium,0,1,1,Consideration,2
5019,page_view,2024-02-09,AU,Mobile,Medium,Organic,Low,0,0,0,Awareness,1
5019,product_view,2024-01-09,AU,Mobile,Medium,Organic,Low,0,0,0,Consideration,2
5172,page_view,2024-01-20,US,Mobile,Medium,Organic,Low,0,0,0,Awareness,1
5172,product_view,2024-01-15,US,Mobile,Medium,Organic,Low,0,0,0,Consideration,2
5653,page_view,2024-01-03,US,Mobile,Medium,Paid,Medium,0,1,1,Awareness,1
5653,product_view,2024-02-17,US,Mobile,Medium,Paid,Medium,0,1,1,Consideration,2
5312,page_view,2024-02-25,UK,Mobile,Medium,Organic,Low,0,1,0,Awareness,1
5312,product_view,2024-01-13,UK,Mobile,Medium,Organic,Low,0,1,0,Consideration,2
5390,page_view,2024-02-08,AU,Mobile,Medium,Organic,Medium,0,0,0,Awareness,1
5390,product_view,2024-02-09,AU,Mobile,Medium,Organic,Medium,0,0,0,Consideration,2
5745,page_view,2024-02-19,US,Mobile,Low,Organic,High,0,0,0,Awareness,1
5745,product_view,2024-01-20,US,Mobile,Low,Organic,High,0,0,0,Consideration,2
5012,page_view,2024-01-03,UK,Tablet,Medium,Organic,Medium,0,0,0,Awareness,1
5012,product_view,2024-02-27,UK,Tablet,Medium,Organic,Medium,0,0,0,Consideration,2
5407,page_view,2024-02-16,AU,Desktop,High,Organic,Low,0,1,0,Awareness,1
5407,product_view,2024-01-16,AU,Desktop,High,Organic,Low,0,1,0,Consideration,2
5408,page_view,2024-02-07,CA,Desktop,Low,Referral,High,0,0,1,Awareness,1
5408,product_view,2024-02-05,CA,Desktop,Low,Referral,High,0,0,1,Consideration,2
5305,page_view,2024-01-16,US,Tablet,Medium,Organic,Low,0,0,1,Awareness,1
5305,product_view,2024-02-21,US,Tablet,Medium,Organic,Low,0,0,1,Consideration,2
5354,page_view,2024-01-24,US,Desktop,Medium,Paid,High,0,0,1,Awareness,1
5354,product_view,2024-01-18,US,Desktop,Medium,Paid,High,0,0,1,Consideration,2
5025,page_view,2024-02-03,US,Mobile,Low,Paid,Medium,0,1,0,Awareness,1
5025,product_view,2024-01-28,US,Mobile,Low,Paid,Medium,0,1,0,Consideration,2
5597,page_view,2024-02-28,UK,Mobile,Low,Referral,Low,0,0,0,Awareness,1
5597,product_view,2024-01-08,UK,Mobile,Low,Referral,Low,0,0,0,Consideration,2
5169,page_view,2024-02-25,UK,Desktop,Low,Organic,Low,0,0,0,Awareness,1
5169,product_view,2024-02-23,UK,Desktop,Low,Organic,Low,0,0,0,Consideration,2
5038,page_view,2024-01-07,UK,Mobile,High,Referral,High,0,0,0,Awareness,1
5038,product_view,2024-02-13,UK,Mobile,High,Referral,High,0,0,0,Consideration,2
5175,page_view,2024-01-17,UK,Mobile,High,Referral,Low,0,0,0,Awareness,1
5175,product_view,2024-02-04,UK,Mobile,High,Referral,Low,0,0,0,Consideration,2
5245,page_view,2024-01-31,CA,Desktop,Low,Referral,Low,0,0,0,Awareness,1
5245,product_view,2024-01-31,CA,Desktop,Low,Referral,Low,0,0,0,Consideration,2
5298,page_view,2024-01-27,CA,Desktop,Low,Paid,Low,0,1,1,Awareness,1
5298,product_view,2024-01-15,CA,Desktop,Low,Paid,Low,0,1,1,Consideration,2
5668,page_view,2024-02-01,CA,Mobile,Low,Organic,High,0,1,0,Awareness,1
5668,product_view,2024-02-01,CA,Mobile,Low,Organic,High,0,1,0,Consideration,2
5416,page_view,2024-02-03,US,Tablet,Low,Referral,Low,0,1,0,Awareness,1
5416,product_view,2024-01-18,US,Tablet,Low,Referral,Low,0,1,0,Consideration,2
5548,page_view,2024-01-02,CA,Mobile,Medium,Referral,Medium,0,1,0,Awareness,1
5548,product_view,2024-01-17,CA,Mobile,Medium,Referral,Medium,0,1,0,Consideration,2
5272,page_view,2024-01-16,UK,Mobile,Medium,Referral,Medium,0,0,1,Awareness,1
5272,product_view,2024-02-19,UK,Mobile,Medium,Referral,Medium,0,0,1,Consideration,2
5611,page_view,2024-01-30,US,Mobile,Medium,Paid,Low,0,0,0,Awareness,1
5611,product_view,2024-01-06,US,Mobile,Medium,Paid,Low,0,0,0,Consideration,2
5154,page_view,2024-01-05,US,Tablet,Medium,Referral,Low,0,1,0,Awareness,1
5154,product_view,2024-02-11,US,Tablet,Medium,Referral,Low,0,1,0,Consideration,2
5126,page_view,2024-02-28,AU,Mobile,High,Organic,Low,0,0,0,Awareness,1
5126,product_view,2024-02-15,AU,Mobile,High,Organic,Low,0,0,0,Consideration,2
5449,page_view,2024-02-12,CA,Mobile,Low,Paid,Low,0,1,0,Awareness,1
5449,product_view,2024-02-28,CA,Mobile,Low,Paid,Low,0,1,0,Consideration,2
5571,page_view,2024-02-19,US,Desktop,Medium,Paid,High,0,1,0,Awareness,1
5571,product_view,2024-02-11,US,Desktop,Medium,Paid,High,0,1,0,Consideration,2
5341,page_view,2024-02-11,AU,Desktop,High,Paid,Low,0,1,0,Awareness,1
5341,product_view,2024-01-17,AU,Desktop,High,Paid,Low,0,1,0,Consideration,2
5430,page_view,2024-01-18,CA,Mobile,Low,Referral,Medium,0,1,0,Awareness,1
5430,product_view,2024-02-11,CA,Mobile,Low,Referral,Medium,0,1,0,Consideration,2
5287,page_view,2024-01-21,UK,Mobile,Medium,Organic,High,0,0,1,Awareness,1
5287,product_view,2024-01-26,UK,Mobile,Medium,Organic,High,0,0,1,Consideration,2
5113,page_view,2024-01-27,AU,Tablet,Medium,Organic,Low,0,1,0,Awareness,1
5113,product_view,2024-02-07,AU,Tablet,Medium,Organic,Low,0,1,0,Consideration,2
5499,page_view,2024-02-24,US,Mobile,Low,Referral,Low,0,1,0,Awareness,1
5499,product_view,2024-02-29,US,Mobile,Low,Referral,Low,0,1,0,Consideration,2
5173,page_view,2024-01-01,UK,Tablet,Medium,Organic,High,0,0,0,Awareness,1
5173,product_view,2024-01-31,UK,Tablet,Medium,Organic,High,0,0,0,Consideration,2
5359,page_view,2024-01-22,UK,Mobile,Medium,Paid,Low,0,1,0,Awareness,1
5359,product_view,2024-01-03,UK,Mobile,Medium,Paid,Low,0,1,0,Consideration,2
5482,page_view,2024-01-06,AU,Mobile,Medium,Organic,High,0,1,0,Awareness,1
5482,product_view,2024-02-06,AU,Mobile,Medium,Organic,High,0,1,0,Consideration,2
5057,page_view,2024-01-16,US,Desktop,High,Paid,Low,0,0,1,Awareness,1
5057,product_view,2024-01-28,US,Desktop,High,Paid,Low,0,0,1,Consideration,2
5552,page_view,2024-02-13,CA,Mobile,Low,Referral,High,0,0,0,Awareness,1
5552,product_view,2024-01-15,CA,Mobile,Low,Referral,High,0,0,0,Consideration,2
5222,page_view,2024-01-17,UK,Mobile,Low,Referral,Low,0,0,1,Awareness,1
5222,product_view,2024-02-06,UK,Mobile,Low,Referral,Low,0,0,1,Consideration,2
5280,page_view,2024-01-18,US,Desktop,Low,Paid,Low,0,1,1,Awareness,1
5280,product_view,2024-01-06,US,Desktop,Low,Paid,Low,0,1,1,Consideration,2
5017,page_view,2024-02-05,UK,Mobile,Medium,Organic,Low,0,0,0,Awareness,1
5017,product_view,2024-02-14,UK,Mobile,Medium,Organic,Low,0,0,0,Consideration,2
5127,page_view,2024-02-24,US,Mobile,Low,Organic,High,0,1,0,Awareness,1
5127,product_view,2024-01-16,US,Mobile,Low,Organic,High,0,1,0,Consideration,2
5322,page_view,2024-01-07,CA,Desktop,Low,Organic,Medium,0,1,0,Awareness,1
5322,product_view,2024-01-03,CA,Desktop,Low,Organic,Medium,0,1,0,Consideration,2
5255,page_view,2024-02-08,CA,Mobile,Low,Paid,Low,0,1,0,Awareness,1
5255,product_view,2024-01-10,CA,Mobile,Low,Paid,Low,0,1,0,Consideration,2
5538,page_view,2024-02-16,AU,Mobile,High,Paid,Low,0,1,0,Awareness,1
5538,product_view,2024-02-11,AU,Mobile,High,Paid,Low,0,1,0,Consideration,2
5470,page_view,2024-02-15,AU,Desktop,Medium,Referral,Low,0,0,0,Awareness,1
5470,product_view,2024-02-28,AU,Desktop,Medium,Referral,Low,0,0,0,Consideration,2
5598,page_view,2024-01-26,AU,Mobile,Low,Organic,Medium,0,1,0,Awareness,1
5598,product_view,2024-02-02,AU,Mobile,Low,Organic,Medium,0,1,0,Consideration,2
5468,page_view,2024-02-25,AU,Mobile,Low,Paid,Low,0,1,1,Awareness,1
5468,product_view,2024-02-02,AU,Mobile,Low,Paid,Low,0,1,1,Consideration,2
5768,page_view,2024-01-17,UK,Mobile,High,Referral,Low,0,0,0,Awareness,1
5768,product_view,2024-02-22,UK,Mobile,High,Referral,Low,0,0,0,Consideration,2
5190,page_view,2024-02-14,UK,Desktop,Medium,Paid,Medium,0,0,0,Awareness,1
5190,product_view,2024-01-17,UK,Desktop,Medium,Paid,Medium,0,0,0,Consideration,2
5115,page_view,2024-01-04,US,Mobile,High,Organic,Low,0,0,1,Awareness,1
5115,product_view,2024-01-18,US,Mobile,High,Organic,Low,0,0,1,Consideration,2
5516,page_view,2024-02-06,CA,Desktop,Medium,Paid,Low,0,1,0,Awareness,1
5516,product_view,2024-02-24,CA,Desktop,Medium,Paid,Low,0,1,0,Consideration,2
5709,page_view,2024-01-03,US,Desktop,Low,Referral,Low,0,0,0,Awareness,1
5709,product_view,2024-01-02,US,Desktop,Low,Referral,Low,0,0,0,Consideration,2
5535,page_view,2024-02-24,AU,Desktop,Low,Paid,High,0,1,0,Awareness,1
5535,product_view,2024-01-26,AU,Desktop,Low,Paid,High,0,1,0,Consideration,2
5094,page_view,2024-02-23,US,Desktop,Medium,Paid,Low,0,1,1,Awareness,1
5094,product_view,2024-01-01,US,Desktop,Medium,Paid,Low,0,1,1,Consideration,2
5180,page_view,2024-01-20,AU,Mobile,High,Paid,Medium,0,1,0,Awareness,1
5180,product_view,2024-01-16,AU,Mobile,High,Paid,Medium,0,1,0,Consideration,2
5301,page_view,2024-01-03,UK,Mobile,Medium,Organic,Low,0,0,0,Awareness,1
5301,product_view,2024-02-21,UK,Mobile,Medium,Organic,Low,0,0,0,Consideration,2
5616,page_view,2024-01-13,UK,Mobile,Medium,Organic,Medium,0,0,0,Awareness,1
5616,product_view,2024-01-14,UK,Mobile,Medium,Organic,Medium,0,0,0,Consideration,2
5581,page_view,2024-01-23,UK,Mobile,High,Paid,Medium,0,1,1,Awareness,1
5581,product_view,2024-01-15,UK,Mobile,High,Paid,Medium,0,1,1,Consideration,2
5590,page_view,2024-01-12,AU,Mobile,Medium,Organic,Low,0,0,0,Awareness,1
5590,product_view,2024-02-09,AU,Mobile,Medium,Organic,Low,0,0,0,Consideration,2
5731,page_view,2024-02-05,AU,Mobile,Low,Referral,High,0,1,0,Awareness,1
5731,product_view,2024-01-22,AU,Mobile,Low,Referral,High,0,1,0,Consideration,2
5558,page_view,2024-01-06,UK,Mobile,High,Referral,Low,0,1,0,Awareness,1
5558,product_view,2024-01-20,UK,Mobile,High,Referral,Low,0,1,0,Consideration,2
5708,page_view,2024-01-05,AU,Mobile,Low,Organic,Medium,0,1,0,Awareness,1
5708,product_view,2024-01-23,AU,Mobile,Low,Organic,Medium,0,1,0,Consideration,2
5542,page_view,2024-01-11,CA,Mobile,Low,Organic,Low,0,1,0,Awareness,1
5542,product_view,2024-02-07,CA,Mobile,Low,Organic,Low,0,1,0,Consideration,2
5005,page_view,2024-02-24,CA,Mobile,Low,Paid,Low,0,0,1,Awareness,1
5005,product_view,2024-02-15,CA,Mobile,Low,Paid,Low,0,0,1,Consideration,2
5785,page_view,2024-01-04,US,Mobile,Medium,Referral,Low,0,1,0,Awareness,1
5785,product_view,2024-02-11,US,Mobile,Medium,Referral,Low,0,1,0,Consideration,2
5045,page_view,2024-01-10,UK,Desktop,High,Organic,Medium,0,1,1,Awareness,1
5045,product_view,2024-02-03,UK,Desktop,High,Organic,Medium,0,1,1,Consideration,2
5725,page_view,2024-01-11,CA,Desktop,High,Organic,Medium,0,1,0,Awareness,1
5725,product_view,2024-02-29,CA,Desktop,High,Organic,Medium,0,1,0,Consideration,2
5157,page_view,2024-02-17,AU,Mobile,Medium,Organic,High,0,1,0,Awareness,1
5157,product_view,2024-02-23,AU,Mobile,Medium,Organic,High,0,1,0,Consideration,2
5605,page_view,2024-01-01,AU,Mobile,Low,Referral,High,0,0,0,Awareness,1
5605,product_view,2024-01-26,AU,Mobile,Low,Referral,High,0,0,0,Consideration,2
5171,page_view,2024-02-20,AU,Mobile,Low,Organic,High,0,1,1,Awareness,1
5171,product_view,2024-02-19,AU,Mobile,Low,Organic,High,0,1,1,Consideration,2
5016,page_view,2024-01-24,AU,Tablet,High,Organic,Medium,0,0,0,Awareness,1
5016,product_view,2024-02-02,AU,Tablet,High,Organic,Medium,0,0,0,Consideration,2
5511,page_view,2024-02-26,US,Mobile,Medium,Organic,High,0,1,0,Awareness,1
5511,product_view,2024-02-21,US,Mobile,Medium,Organic,High,0,1,0,Consideration,2
5048,page_view,2024-01-29,US,Mobile,Medium,Referral,Low,0,1,0,Awareness,1
5048,product_view,2024-01-31,US,Mobile,Medium,Referral,Low,0,1,0,Consideration,2
5774,page_view,2024-02-20,US,Mobile,High,Paid,Low,0,1,0,Awareness,1
5774,product_view,2024-02-19,US,Mobile,High,Paid,Low,0,1,0,Consideration,2
5757,page_view,2024-02-21,UK,Mobile,Medium,Paid,Low,0,1,1,Awareness,1
5757,product_view,2024-02-18,UK,Mobile,Medium,Paid,Low,0,1,1,Consideration,2
5480,page_view,2024-01-18,AU,Mobile,Low,Referral,Low,0,1,0,Awareness,1
5480,product_view,2024-02-06,AU,Mobile,Low,Referral,Low,0,1,0,Consideration,2
5283,page_view,2024-01-08,CA,Mobile,High,Organic,Low,0,0,1,Awareness,1
5283,product_view,2024-01-18,CA,Mobile,High,Organic,Low,0,0,1,Consideration,2
5536,page_view,2024-02-27,UK,Mobile,Low,Paid,Low,0,1,0,Awareness,1
5536,product_view,2024-02-27,UK,Mobile,Low,Paid,Low,0,1,0,Consideration,2
5225,page_view,2024-02-06,AU,Tablet,Low,Referral,Low,0,0,1,Awareness,1
5225,product_view,2024-01-07,AU,Tablet,Low,Referral,Low,0,0,1,Consideration,2
5026,page_view,2024-01-13,AU,Mobile,Low,Paid,Medium,0,0,1,Awareness,1
5026,product_view,2024-01-05,AU,Mobile,Low,Paid,Medium,0,0,1,Consideration,2
5630,page_view,2024-02-09,US,Mobile,High,Paid,Low,0,1,0,Awareness,1
5630,product_view,2024-01-28,US,Mobile,High,Paid,Low,0,1,0,Consideration,2
5437,page_view,2024-02-06,AU,Mobile,Medium,Organic,Low,0,1,0,Awareness,1
5437,product_view,2024-01-23,AU,Mobile,Medium,Organic,Low,0,1,0,Consideration,2
5364,page_view,2024-01-30,US,Mobile,Medium,Paid,High,0,1,0,Awareness,1
5364,product_view,2024-01-04,US,Mobile,Medium,Paid,High,0,1,0,Consideration,2
5229,page_view,2024-01-28,UK,Mobile,Low,Referral,Medium,0,0,0,Awareness,1
5229,product_view,2024-01-09,UK,Mobile,Low,Referral,Medium,0,0,0,Consideration,2
5037,page_view,2024-02-08,UK,Desktop,Medium,Referral,Low,0,0,1,Awareness,1
5037,product_view,2024-02-11,UK,Desktop,Medium,Referral,Low,0,0,1,Consideration,2
5779,page_view,2024-01-08,CA,Tablet,Medium,Referral,Low,0,1,0,Awareness,1
5779,product_view,2024-02-06,CA,Tablet,Medium,Referral,Low,0,1,0,Consideration,2
5374,page_view,2024-01-10,US,Mobile,Low,Organic,Low,0,1,0,Awareness,1
5374,product_view,2024-01-12,US,Mobile,Low,Organic,Low,0,1,0,Consideration,2
5469,page_view,2024-01-03,AU,Desktop,Low,Referral,High,0,1,0,Awareness,1
5469,product_view,2024-01-09,AU,Desktop,Low,Referral,High,0,1,0,Consideration,2
5771,page_view,2024-01-29,CA,Mobile,Low,Organic,Medium,0,1,0,Awareness,1
5771,product_view,2024-02-10,CA,Mobile,Low,Organic,Medium,0,1,0,Consideration,2
5682,page_view,2024-02-08,AU,Mobile,High,Organic,Low,0,1,0,Awareness,1
5682,product_view,2024-02-01,AU,Mobile,High,Organic,Low,0,1,0,Consideration,2
5694,page_view,2024-02-07,CA,Desktop,Medium,Organic,Medium,0,0,1,Awareness,1
5694,product_view,2024-01-23,CA,Desktop,Medium,Organic,Medium,0,0,1,Consideration,2
5194,page_view,2024-01-31,US,Mobile,Medium,Paid,Low,0,0,1,Awareness,1
5194,product_view,2024-02-16,US,Mobile,Medium,Paid,Low,0,0,1,Consideration,2
5684,page_view,2024-02-26,CA,Mobile,Medium,Referral,High,0,1,0,Awareness,1
5684,product_view,2024-02-16,CA,Mobile,Medium,Referral,High,0,1,0,Consideration,2
5693,page_view,2024-01-22,AU,Mobile,Low,Paid,Low,0,0,0,Awareness,1
5693,product_view,2024-02-19,AU,Mobile,Low,Paid,Low,0,0,0,Consideration,2
5503,page_view,2024-02-27,US,Mobile,Low,Paid,Low,0,0,0,Awareness,1
5503,product_view,2024-01-23,US,Mobile,Low,Paid,Low,0,0,0,Consideration,2
5773,page_view,2024-01-13,CA,Tablet,High,Organic,Medium,0,1,0,Awareness,1
5773,product_view,2024-01-19,CA,Tablet,High,Organic,Medium,0,1,0,Consideration,2
5669,page_view,2024-02-26,UK,Mobile,Medium,Organic,Medium,0,0,0,Awareness,1
5669,product_view,2024-02-13,UK,Mobile,Medium,Organic,Medium,0,0,0,Consideration,2
5772,page_view,2024-01-05,UK,Mobile,High,Organic,High,0,1,1,Awareness,1
5772,product_view,2024-02-27,UK,Mobile,High,Organic,High,0,1,1,Consideration,2
5162,page_view,2024-01-14,AU,Desktop,Medium,Paid,Medium,0,1,0,Awareness,1
5162,product_view,2024-01-21,AU,Desktop,Medium,Paid,Medium,0,1,0,Consideration,2
5751,page_view,2024-02-07,US,Desktop,Low,Organic,Low,0,1,0,Awareness,1
5751,product_view,2024-02-12,US,Desktop,Low,Organic,Low,0,1,0,Consideration,2
5152,page_view,2024-02-05,US,Mobile,High,Paid,Medium,0,0,0,Awareness,1
5152,product_view,2024-02-27,US,Mobile,High,Paid,Medium,0,0,0,Consideration,2
5557,page_view,2024-02-25,US,Desktop,High,Paid,Low,0,0,0,Awareness,1
5557,product_view,2024-02-15,US,Desktop,High,Paid,Low,0,0,0,Consideration,2
5572,page_view,2024-02-26,UK,Desktop,Medium,Paid,Low,0,1,0,Awareness,1
5572,product_view,2024-01-29,UK,Desktop,Medium,Paid,Low,0,1,0,Consideration,2
5675,page_view,2024-02-14,US,Mobile,Low,Paid,Medium,0,1,1,Awareness,1
5675,product_view,2024-02-07,US,Mobile,Low,Paid,Medium,0,1,1,Consideration,2
5111,page_view,2024-02-20,AU,Mobile,High,Organic,Low,0,0,0,Awareness,1
5111,product_view,2024-02-22,AU,Mobile,High,Organic,Low,0,0,0,Consideration,2
5226,page_view,2024-02-11,US,Desktop,Medium,Referral,High,0,0,0,Awareness,1
5226,product_view,2024-02-11,US,Desktop,Medium,Referral,High,0,0,0,Consideration,2
5792,page_view,2024-02-08,CA,Mobile,Low,Paid,Medium,0,0,0,Awareness,1
5792,product_view,2024-01-18,CA,Mobile,Low,Paid,Medium,0,0,0,Consideration,2
5103,page_view,2024-01-30,US,Desktop,High,Paid,Low,0,1,1,Awareness,1
5103,product_view,2024-01-12,US,Desktop,High,Paid,Low,0,1,1,Consideration,2
5421,page_view,2024-01-12,AU,Mobile,Low,Organic,Medium,0,1,0,Awareness,1
5421,product_view,2024-01-18,AU,Mobile,Low,Organic,Medium,0,1,0,Consideration,2
5419,page_view,2024-01-28,CA,Mobile,Medium,Paid,High,0,1,0,Awareness,1
5419,product_view,2024-01-24,CA,Mobile,Medium,Paid,High,0,1,0,Consideration,2
5119,page_view,2024-01-01,CA,Mobile,Medium,Paid,High,0,1,0,Awareness,1
5119,product_view,2024-01-10,CA,Mobile,Medium,Paid,High,0,1,0,Consideration,2
5053,page_view,2024-01-28,UK,Mobile,High,Organic,Medium,0,0,1,Awareness,1
5053,product_view,2024-01-18,UK,Mobile,High,Organic,Medium,0,0,1,Consideration,2
5151,page_view,2024-01-18,UK,Desktop,Medium,Referral,Medium,0,0,0,Awareness,1
5151,product_view,2024-02-29,UK,Desktop,Medium,Referral,Medium,0,0,0,Consideration,2
5403,page_view,2024-01-14,CA,Desktop,Medium,Organic,Low,0,0,0,Awareness,1
5403,product_view,2024-01-28,CA,Desktop,Medium,Organic,Low,0,0,0,Consideration,2
5753,page_view,2024-01-23,AU,Mobile,Medium,Referral,Low,0,1,0,Awareness,1
5753,product_view,2024-02-17,AU,Mobile,Medium,Referral,Low,0,1,0,Consideration,2
5207,page_view,2024-02-11,AU,Desktop,Low,Organic,Low,0,0,1,Awareness,1
5207,product_view,2024-01-05,AU,Desktop,Low,Organic,Low,0,0,1,Consideration,2
5677,page_view,2024-02-27,AU,Tablet,Low,Organic,Medium,0,1,0,Awareness,1
5677,product_view,2024-01-17,AU,Tablet,Low,Organic,Medium,0,1,0,Consideration,2
5618,page_view,2024-02-19,CA,Desktop,High,Paid,Low,0,1,1,Awareness,1
5618,product_view,2024-02-07,CA,Desktop,High,Paid,Low,0,1,1,Consideration,2
5008,page_view,2024-01-03,UK,Desktop,Low,Organic,Low,0,0,0,Awareness,1
5008,product_view,2024-01-03,UK,Desktop,Low,Organic,Low,0,0,0,Consideration,2
5651,page_view,2024-01-02,CA,Mobile,High,Referral,Medium,0,1,0,Awareness,1
5036,page_view,2024-01-13,US,Mobile,High,Organic,High,0,0,1,Awareness,1
5452,page_view,2024-02-17,AU,Desktop,Medium,Organic,Medium,0,1,0,Awareness,1
5253,page_view,2024-01-06,AU,Mobile,Medium,Organic,Low,0,0,1,Awareness,1
5303,page_view,2024-01-28,CA,Desktop,Medium,Organic,High,0,0,0,Awareness,1
5606,page_view,2024-01-05,CA,Mobile,Medium,Paid,High,0,0,0,Awareness,1
5579,page_view,2024-02-26,US,Mobile,Medium,Referral,Medium,0,1,0,Awareness,1
5587,page_view,2024-02-22,US,Mobile,Low,Paid,Low,0,1,0,Awareness,1
5262,page_view,2024-01-06,UK,Mobile,Medium,Paid,Low,0,1,0,Awareness,1
5297,page_view,2024-02-14,US,Mobile,High,Paid,Medium,0,0,0,Awareness,1
5414,page_view,2024-01-15,CA,Desktop,Low,Paid,Low,0,0,0,Awareness,1
5150,page_view,2024-01-18,US,Desktop,Medium,Referral,Low,0,0,0,Awareness,1
5636,page_view,2024-02-13,UK,Mobile,Medium,Organic,Low,0,1,0,Awareness,1
5712,page_view,2024-01-16,UK,Mobile,Low,Organic,Medium,0,1,0,Awareness,1
5550,page_view,2024-02-14,US,Mobile,High,Paid,Medium,0,0,0,Awareness,1
5488,page_view,2024-02-22,UK,Desktop,High,Organic,Low,0,1,0,Awareness,1
5147,page_view,2024-02-08,CA,Mobile,Low,Paid,High,0,0,1,Awareness,1
5146,page_view,2024-02-02,AU,Desktop,Low,Organic,Medium,0,0,1,Awareness,1
5588,page_view,2024-02-04,UK,Mobile,Low,Referral,Low,0,0,0,Awareness,1
5742,page_view,2024-01-18,US,Tablet,Medium,Organic,Medium,0,1,0,Awareness,1
5601,page_view,2024-01-10,UK,Mobile,High,Paid,Medium,0,1,0,Awareness,1
5348,page_view,2024-02-15,US,Mobile,High,Organic,High,0,1,0,Awareness,1
5463,page_view,2024-02-28,UK,Desktop,Low,Paid,Low,0,1,1,Awareness,1
5325,page_view,2024-01-21,CA,Desktop,High,Organic,High,0,1,0,Awareness,1
5186,page_view,2024-01-08,UK,Mobile,Low,Paid,Medium,0,0,0,Awareness,1
5123,page_view,2024-01-20,UK,Mobile,Medium,Paid,High,0,0,0,Awareness,1
5683,page_view,2024-01-29,UK,Mobile,Medium,Paid,Medium,0,1,0,Awareness,1
5143,page_view,2024-01-16,US,Mobile,Low,Referral,Low,0,0,0,Awareness,1
5763,page_view,2024-01-24,CA,Desktop,Medium,Organic,Low,0,1,0,Awareness,1
5197,page_view,2024-01-07,US,Desktop,Low,Paid,Medium,0,0,0,Awareness,1
5279,page_view,2024-01-10,UK,Mobile,Medium,Organic,Medium,0,0,0,Awareness,1
5293,page_view,2024-02-27,US,Desktop,Medium,Organic,Medium,0,0,0,Awareness,1
5400,page_view,2024-01-17,UK,Desktop,Medium,Referral,High,0,1,0,Awareness,1
5122,page_view,2024-01-22,US,Mobile,Medium,Organic,Low,0,0,1,Awareness,1
5183,page_view,2024-01-16,US,Mobile,Medium,Organic,Low,0,0,0,Awareness,1
5202,page_view,2024-01-15,CA,Mobile,High,Paid,Low,0,0,0,Awareness,1
5438,page_view,2024-02-11,US,Mobile,Medium,Referral,High,0,1,0,Awareness,1
5246,page_view,2024-01-15,CA,Tablet,High,Referral,Low,0,0,1,Awareness,1
5415,page_view,2024-01-01,AU,Tablet,High,Paid,Medium,0,0,0,Awareness,1
5711,page_view,2024-01-01,UK,Mobile,Medium,Organic,Low,0,1,0,Awareness,1
5129,page_view,2024-02-05,AU,Desktop,High,Paid,Low,0,1,1,Awareness,1
5402,page_view,2024-02-08,AU,Desktop,High,Organic,Medium,0,0,0,Awareness,1
5632,page_view,2024-01-14,UK,Mobile,High,Organic,High,0,0,0,Awareness,1
5623,page_view,2024-02-16,AU,Desktop,Medium,Organic,High,0,0,0,Awareness,1
5727,page_view,2024-01-07,US,Desktop,Low,Organic,High,0,1,0,Awareness,1
5219,page_view,2024-02-14,US,Desktop,High,Organic,High,0,0,1,Awareness,1
5729,page_view,2024-01-14,AU,Mobile,High,Paid,Low,0,0,0,Awareness,1
5609,page_view,2024-02-13,UK,Mobile,Medium,Organic,Low,0,0,1,Awareness,1
5732,page_view,2024-01-18,CA,Mobile,Low,Referral,Medium,0,1,1,Awareness,1
5617,page_view,2024-01-28,AU,Tablet,Low,Organic,Low,0,1,0,Awareness,1
5386,page_view,2024-02-01,UK,Desktop,High,Organic,Low,0,0,0,Awareness,1
5775,page_view,2024-01-26,UK,Mobile,Low,Paid,High,0,1,1,Awareness,1
5509,page_view,2024-01-09,AU,Mobile,Medium,Paid,Low,0,0,0,Awareness,1
5267,page_view,2024-02-15,AU,Mobile,High,Organic,Medium,0,0,0,Awareness,1
5781,page_view,2024-01-07,UK,Desktop,Medium,Organic,Low,0,1,0,Awareness,1
5441,page_view,2024-02-12,CA,Tablet,High,Paid,Medium,0,0,0,Awareness,1
5496,page_view,2024-01-21,AU,Mobile,Medium,Referral,Medium,0,0,0,Awareness,1
5112,page_view,2024-02-29,AU,Desktop,Medium,Organic,Low,0,1,0,Awareness,1
5232,page_view,2024-01-15,CA,Tablet,Medium,Referral,High,0,0,0,Awareness,1
5698,page_view,2024-02-11,CA,Mobile,High,Paid,Medium,0,1,0,Awareness,1
5607,page_view,2024-01-26,US,Mobile,Low,Paid,Medium,0,1,0,Awareness,1
5373,page_view,2024-01-13,UK,Desktop,High,Organic,High,0,1,0,Awareness,1
5233,page_view,2024-02-08,US,Mobile,High,Paid,Low,0,0,0,Awareness,1
5633,page_view,2024-01-24,US,Mobile,Medium,Paid,High,0,0,0,Awareness,1
5317,page_view,2024-01-22,AU,Mobile,Medium,Paid,Medium,0,1,0,Awareness,1
5410,page_view,2024-02-19,AU,Desktop,Medium,Paid,Medium,0,1,0,Awareness,1
5717,page_view,2024-01-13,UK,Desktop,Low,Paid,Low,0,1,0,Awareness,1
5358,page_view,2024-02-17,CA,Mobile,Low,Referral,Low,0,0,0,Awareness,1
5258,page_view,2024-01-30,UK,Tablet,Medium,Paid,Low,0,0,0,Awareness,1
5627,page_view,2024-02-14,AU,Desktop,Medium,Referral,High,0,1,0,Awareness,1
5282,page_view,2024-02-23,UK,Desktop,Medium,Organic,Medium,0,1,0,Awareness,1
5376,page_view,2024-01-02,US,Mobile,High,Organic,High,0,0,0,Awareness,1
5384,page_view,2024-01-25,CA,Desktop,High,Referral,Low,0,1,0,Awareness,1
5224,page_view,2024-01-21,UK,Mobile,High,Organic,Low,0,0,0,Awareness,1
5759,page_view,2024-02-09,CA,Desktop,Low,Organic,Medium,0,0,0,Awareness,1
5657,page_view,2024-01-09,CA,Desktop,Medium,Organic,Low,0,0,0,Awareness,1
5472,page_view,2024-02-06,CA,Mobile,Low,Organic,Medium,0,0,0,Awareness,1
5347,page_view,2024-02-08,CA,Mobile,Low,Paid,Low,0,0,0,Awareness,1
5505,page_view,2024-02-19,AU,Mobile,Medium,Organic,Medium,0,1,1,Awareness,1
5639,page_view,2024-01-13,UK,Mobile,High,Paid,Low,0,0,1,Awareness,1
5788,page_view,2024-01-13,US,Tablet,High,Paid,Medium,0,1,0,Awareness,1
5740,page_view,2024-01-08,AU,Tablet,High,Organic,Medium,0,1,0,Awareness,1
5722,page_view,2024-02-15,AU,Mobile,Medium,Paid,Medium,0,0,0,Awareness,1
5619,page_view,2024-01-13,AU,Desktop,Low,Paid,Low,0,0,1,Awareness,1
5685,page_view,2024-01-24,CA,Mobile,Low,Referral,Medium,0,1,0,Awareness,1
5645,page_view,2024-01-18,AU,Mobile,Low,Organic,Low,0,1,1,Awareness,1
5678,page_view,2024-01-17,CA,Mobile,Medium,Referral,High,0,0,0,Awareness,1
5556,page_view,2024-02-15,UK,Desktop,Medium,Paid,Medium,0,1,0,Awareness,1
5577,page_view,2024-02-04,US,Mobile,High,Paid,Medium,0,0,0,Awareness,1
5085,page_view,2024-01-26,US,Mobile,Medium,Paid,Low,0,0,0,Awareness,1
5242,page_view,2024-01-12,US,Mobile,High,Paid,Low,0,1,0,Awareness,1
5159,page_view,2024-01-20,CA,Mobile,High,Paid,Low,0,1,0,Awareness,1
5524,page_view,2024-01-01,US,Mobile,Low,Organic,Medium,0,0,0,Awareness,1
5035,page_view,2024-02-15,CA,Mobile,Low,Referral,High,0,1,0,Awareness,1
5540,page_view,2024-02-27,CA,Tablet,Low,Paid,Low,0,1,0,Awareness,1
5170,page_view,2024-02-06,UK,Desktop,High,Referral,Low,0,1,1,Awareness,1
5654,page_view,2024-01-28,AU,Mobile,Low,Paid,Medium,0,1,0,Awareness,1
5687,page_view,2024-01-15,CA,Desktop,High,Referral,Medium,0,0,1,Awareness,1
5679,page_view,2024-02-21,CA,Desktop,High,Organic,Low,0,1,0,Awareness,1
5752,page_view,2024-01-08,CA,Desktop,Medium,Referral,Medium,0,1,0,Awareness,1
5095,page_view,2024-01-11,CA,Mobile,Low,Paid,Low,0,1,0,Awareness,1
5563,page_view,2024-01-10,US,Desktop,Medium,Paid,Medium,0,0,0,Awareness,1
5240,page_view,2024-01-05,UK,Mobile,Low,Organic,High,0,1,0,Awareness,1
5574,page_view,2024-01-08,US,Mobile,High,Paid,Medium,0,0,0,Awareness,1
5460,page_view,2024-01-12,CA,Mobile,Medium,Organic,High,0,1,0,Awareness,1
5553,page_view,2024-01-30,CA,Mobile,High,Organic,Medium,0,1,0,Awareness,1
5704,page_view,2024-02-07,CA,Mobile,Low,Paid,Low,0,1,1,Awareness,1
5206,page_view,2024-02-12,CA,Desktop,Low,Referral,Low,0,0,1,Awareness,1
5392,page_view,2024-02-11,CA,Desktop,High,Paid,Medium,0,1,0,Awareness,1
5397,page_view,2024-01-04,UK,Desktop,High,Organic,Medium,0,0,0,Awareness,1
5680,page_view,2024-02-06,US,Mobile,Medium,Paid,Medium,0,0,1,Awareness,1
5217,page_view,2024-02-07,AU,Desktop,Low,Paid,Low,0,1,1,Awareness,1
5004,page_view,2024-02-16,AU,Mobile,Low,Paid,Medium,0,1,0,Awareness,1
5642,page_view,2024-01-07,AU,Mobile,Medium,Referral,Medium,0,1,0,Awareness,1
5716,page_view,2024-01-25,UK,Mobile,High,Paid,Medium,0,1,1,Awareness,1
5612,page_view,2024-01-04,CA,Desktop,Low,Organic,Low,0,1,1,Awareness,1
5546,page_view,2024-01-22,US,Desktop,Medium,Paid,High,0,0,0,Awareness,1
5098,page_view,2024-02-13,CA,Tablet,High,Referral,Low,0,0,0,Awareness,1
5573,page_view,2024-01-08,US,Desktop,Medium,Organic,Medium,0,0,0,Awareness,1
5406,page_view,2024-01-01,CA,Desktop,High,Organic,Medium,0,0,0,Awareness,1
5502,page_view,2024-01-09,AU,Mobile,Low,Organic,Low,0,1,1,Awareness,1
5047,page_view,2024-02-24,CA,Desktop,High,Organic,High,0,0,0,Awareness,1
5032,page_view,2024-02-07,UK,Desktop,Low,Organic,Medium,0,1,0,Awareness,1
5200,page_view,2024-02-16,AU,Mobile,Medium,Paid,Medium,0,0,0,Awareness,1
5134,page_view,2024-01-21,US,Mobile,Medium,Paid,High,0,0,0,Awareness,1
5027,page_view,2024-01-10,CA,Mobile,High,Paid,Medium,0,1,1,Awareness,1
5706,page_view,2024-02-23,CA,Mobile,Medium,Organic,Low,0,1,0,Awareness,1
5230,page_view,2024-01-30,UK,Desktop,High,Paid,Low,0,1,0,Awareness,1
5489,page_view,2024-01-22,AU,Desktop,Medium,Organic,High,0,1,1,Awareness,1
5378,page_view,2024-02-24,UK,Desktop,Medium,Paid,Low,0,1,1,Awareness,1
5288,page_view,2024-02-05,UK,Mobile,Low,Paid,Medium,0,0,0,Awareness,1
5418,page_view,2024-01-31,UK,Mobile,Low,Referral,Medium,0,0,0,Awareness,1
5674,page_view,2024-01-27,UK,Desktop,Medium,Organic,Low,0,0,0,Awareness,1
5391,page_view,2024-01-28,US,Desktop,Medium,Paid,High,0,0,0,Awareness,1
5592,page_view,2024-02-06,CA,Mobile,Medium,Paid,Medium,0,0,0,Awareness,1
5498,page_view,2024-02-17,AU,Mobile,Low,Paid,High,0,0,0,Awareness,1
5138,page_view,2024-01-29,AU,Mobile,Medium,Referral,High,0,0,0,Awareness,1
5062,page_view,2024-02-10,AU,Desktop,Medium,Referral,Low,0,1,0,Awareness,1
5471,page_view,2024-01-12,AU,Desktop,Low,Organic,Low,0,1,0,Awareness,1
5647,page_view,2024-02-07,CA,Mobile,Low,Paid,High,0,1,1,Awareness,1
5128,page_view,2024-01-22,US,Tablet,Medium,Organic,High,0,1,0,Awareness,1
5778,page_view,2024-01-09,US,Mobile,Low,Organic,High,0,0,0,Awareness,1
5520,page_view,2024-02-08,UK,Mobile,Low,Referral,Low,0,0,1,Awareness,1
5064,page_view,2024-01-07,UK,Mobile,High,Referral,Low,0,0,0,Awareness,1
5014,page_view,2024-02-07,CA,Tablet,High,Organic,Low,0,0,0,Awareness,1
5156,page_view,2024-01-18,AU,Desktop,Medium,Referral,High,0,1,0,Awareness,1
5040,page_view,2024-02-07,UK,Tablet,Low,Organic,High,0,0,0,Awareness,1
5492,page_view,2024-01-21,CA,Tablet,Low,Paid,Medium,0,1,0,Awareness,1
5379,page_view,2024-01-18,US,Desktop,Low,Paid,Low,0,1,0,Awareness,1
5187,page_view,2024-01-01,AU,Desktop,Medium,Referral,Medium,0,1,0,Awareness,1
5216,page_view,2024-01-30,AU,Mobile,Medium,Paid,Low,0,1,0,Awareness,1
5052,page_view,2024-02-26,AU,Mobile,Medium,Referral,Low,0,0,0,Awareness,1
5337,page_view,2024-01-31,US,Mobile,High,Organic,High,0,0,0,Awareness,1
5295,page_view,2024-01-11,CA,Desktop,Low,Paid,High,0,1,0,Awareness,1
5701,page_view,2024-02-07,CA,Mobile,Medium,Referral,High,0,1,0,Awareness,1
5251,page_view,2024-02-08,US,Tablet,Medium,Referral,High,0,1,1,Awareness,1
5461,page_view,2024-02-06,CA,Mobile,Low,Paid,Medium,0,1,0,Awareness,1
5455,page_view,2024-01-28,US,Mobile,Medium,Paid,Medium,0,1,1,Awareness,1
5797,page_view,2024-01-27,US,Mobile,Low,Organic,Low,0,0,0,Awareness,1
5269,page_view,2024-02-24,AU,Tablet,Medium,Organic,Low,0,1,1,Awareness,1
5201,page_view,2024-02-24,UK,Desktop,Medium,Organic,Medium,0,1,0,Awareness,1
5161,page_view,2024-01-20,AU,Desktop,Medium,Paid,Low,0,0,0,Awareness,1
5555,page_view,2024-01-18,CA,Desktop,Medium,Referral,High,0,0,1,Awareness,1
5401,page_view,2024-01-24,US,Mobile,Medium,Organic,Low,0,0,0,Awareness,1
5702,page_view,2024-01-29,US,Desktop,Medium,Paid,Low,0,1,0,Awareness,1
5476,page_view,2024-01-10,US,Mobile,Low,Paid,Low,0,0,0,Awareness,1
5105,page_view,2024-02-14,AU,Tablet,High,Referral,Low,0,0,0,Awareness,1
5565,page_view,2024-02-20,UK,Desktop,High,Paid,Low,0,1,0,Awareness,1
5389,page_view,2024-01-12,UK,Mobile,Medium,Paid,Medium,0,0,1,Awareness,1
5001,page_view,2024-01-18,UK,Desktop,High,Organic,Medium,0,1,0,Awareness,1
5767,page_view,2024-02-07,US,Tablet,Low,Organic,Medium,0,1,0,Awareness,1
5561,page_view,2024-01-10,UK,Desktop,High,Paid,Low,0,1,0,Awareness,1
5080,page_view,2024-02-09,UK,Mobile,High,Referral,High,0,1,1,Awareness,1
5205,page_view,2024-01-01,CA,Mobile,Medium,Paid,Low,0,1,0,Awareness,1
5034,page_view,2024-01-18,US,Desktop,Low,Organic,High,0,1,0,Awareness,1
5508,page_view,2024-01-13,AU,Desktop,Low,Organic,Low,0,1,1,Awareness,1
5427,page_view,2024-02-20,UK,Mobile,Medium,Paid,Medium,0,0,0,Awareness,1
5454,page_view,2024-02-21,US,Mobile,High,Paid,Low,0,1,0,Awareness,1
5366,page_view,2024-02-20,AU,Desktop,Low,Referral,High,0,0,0,Awareness,1
5091,page_view,2024-01-09,UK,Mobile,Medium,Paid,Medium,0,0,0,Awareness,1
5339,page_view,2024-01-04,US,Tablet,Medium,Referral,Medium,0,0,0,Awareness,1
5564,page_view,2024-02-16,UK,Desktop,Medium,Paid,High,0,1,1,Awareness,1
5345,page_view,2024-01-26,US,Desktop,High,Organic,High,0,0,1,Awareness,1
5241,page_view,2024-02-26,US,Tablet,Low,Organic,High,0,1,0,Awareness,1
5013,page_view,2024-01-02,US,Mobile,Medium,Organic,High,0,1,0,Awareness,1
5315,page_view,2024-01-21,US,Mobile,High,Paid,High,0,1,0,Awareness,1
5600,page_view,2024-01-07,CA,Mobile,Medium,Paid,Low,0,0,0,Awareness,1
5387,page_view,2024-02-18,CA,Desktop,High,Referral,Medium,0,0,0,Awareness,1
5273,page_view,2024-02-05,US,Mobile,Medium,Paid,High,0,0,0,Awareness,1
5166,page_view,2024-01-16,AU,Mobile,Medium,Organic,High,0,0,1,Awareness,1
5793,page_view,2024-02-08,US,Mobile,Low,Organic,High,0,1,0,Awareness,1
5646,page_view,2024-02-17,AU,Desktop,Medium,Paid,High,0,0,0,Awareness,1
5484,page_view,2024-02-18,UK,Mobile,Medium,Paid,Low,0,1,0,Awareness,1
5782,page_view,2024-02-11,US,Mobile,High,Referral,Medium,0,1,1,Awareness,1
5504,page_view,2024-02-28,AU,Desktop,Medium,Paid,Medium,0,1,0,Awareness,1
5243,page_view,2024-01-04,CA,Mobile,High,Organic,High,0,1,1,Awareness,1
5566,page_view,2024-01-30,CA,Desktop,Medium,Referral,Medium,0,1,0,Awareness,1
5562,page_view,2024-02-17,UK,Mobile,Low,Organic,Low,0,0,0,Awareness,1
5686,page_view,2024-02-28,AU,Tablet,Low,Organic,High,0,1,0,Awareness,1
5189,page_view,2024-01-09,AU,Tablet,Medium,Organic,Low,0,1,1,Awareness,1
5699,page_view,2024-02-17,CA,Mobile,Medium,Referral,Medium,0,1,0,Awareness,1
5475,page_view,2024-02-09,CA,Mobile,Medium,Paid,Low,0,0,0,Awareness,1
5681,page_view,2024-01-23,AU,Tablet,Medium,Organic,High,0,1,0,Awareness,1
5510,page_view,2024-01-21,UK,Mobile,Low,Organic,High,0,1,1,Awareness,1
5058,page_view,2024-01-28,CA,Mobile,Medium,Organic,Low,0,1,0,Awareness,1
5474,page_view,2024-02-07,UK,Mobile,High,Organic,Medium,0,0,0,Awareness,1
5560,page_view,2024-02-16,CA,Mobile,High,Referral,Medium,0,0,0,Awareness,1
5747,page_view,2024-01-19,CA,Desktop,Low,Paid,Low,0,1,0,Awareness,1
5252,page_view,2024-02-20,CA,Mobile,Low,Paid,Low,0,1,0,Awareness,1
5021,page_view,2024-01-11,AU,Tablet,Medium,Referral,Low,0,1,0,Awareness,1
5313,page_view,2024-01-21,AU,Desktop,Low,Paid,Medium,0,0,1,Awareness,1
5459,page_view,2024-01-26,CA,Mobile,Low,Referral,Medium,0,0,0,Awareness,1
5160,page_view,2024-01-28,AU,Mobile,Medium,Organic,Low,0,1,1,Awareness,1
5276,page_view,2024-01-15,UK,Mobile,Low,Paid,Medium,0,1,1,Awareness,1
5191,page_view,2024-01-17,UK,Mobile,Medium,Paid,Medium,0,0,0,Awareness,1
5385,page_view,2024-02-18,CA,Mobile,Medium,Paid,High,0,0,0,Awareness,1
5413,page_view,2024-01-28,CA,Mobile,Low,Referral,High,0,0,0,Awareness,1
5491,page_view,2024-02-07,US,Desktop,High,Referral,Medium,0,1,1,Awareness,1
5343,page_view,2024-02-26,AU,Mobile,Medium,Referral,Medium,0,0,0,Awareness,1
5769,page_view,2024-02-24,US,Tablet,Medium,Paid,High,0,0,0,Awareness,1
5308,page_view,2024-02-07,UK,Mobile,High,Referral,High,0,1,0,Awareness,1
5661,page_view,2024-01-27,CA,Desktop,High,Referral,High,0,1,0,Awareness,1
5130,page_view,2024-02-06,US,Desktop,Medium,Organic,Low,0,1,0,Awareness,1
5663,page_view,2024-01-23,US,Mobile,High,Paid,High,0,1,1,Awareness,1
5099,page_view,2024-01-01,US,Mobile,High,Organic,Low,0,0,0,Awareness,1
5372,page_view,2024-02-02,US,Desktop,Medium,Referral,Medium,0,1,0,Awareness,1
5087,page_view,2024-01-12,US,Mobile,High,Organic,Medium,0,0,0,Awareness,1
5458,page_view,2024-01-09,AU,Mobile,Low,Referral,Medium,0,0,0,Awareness,1
5330,page_view,2024-02-28,US,Desktop,High,Referral,High,0,0,1,Awareness,1
5214,page_view,2024-01-02,CA,Mobile,Low,Paid,Low,0,1,0,Awareness,1
5466,page_view,2024-01-29,UK,Mobile,High,Referral,Low,0,1,0,Awareness,1
5121,page_view,2024-01-08,CA,Mobile,High,Paid,Low,0,0,0,Awareness,1
5614,page_view,2024-02-02,CA,Mobile,Medium,Paid,High,0,1,0,Awareness,1
5020,page_view,2024-01-19,CA,Mobile,Medium,Paid,Medium,0,1,0,Awareness,1
5700,page_view,2024-01-28,CA,Mobile,High,Paid,Low,0,0,0,Awareness,1
5071,page_view,2024-02-18,UK,Mobile,Medium,Organic,High,0,1,0,Awareness,1
5106,page_view,2024-02-27,UK,Tablet,Low,Organic,Medium,0,1,1,Awareness,1
5270,page_view,2024-01-15,US,Mobile,Medium,Paid,Medium,0,0,0,Awareness,1
5435,page_view,2024-02-14,AU,Desktop,High,Paid,Low,0,0,0,Awareness,1
5102,page_view,2024-02-26,AU,Mobile,High,Paid,Low,0,0,1,Awareness,1
